,ant1,ant2,bchan,echan,freqid,bif,eif,stokesRR,stokesLL,stokesRL,stokesLR,source,subarray,timerange1,timerange2,reason
0,ALL,ALL,1,5,-1,1,32,True,True,True,True,ALL,0,+000:00:00:00,+9999:00:00:00,IF EDGE                 
1,ALL,ALL,112,116,-1,1,32,True,True,True,True,ALL,0,+000:00:00:00,+9999:00:00:00,IF EDGE                 
2,PV,ALL,0,0,-1,0,0,True,True,True,True,ALL,0,+000:23:04:01,+000:23:04:02,BAD ACSCL SOLUTION      
3,PV,ALL,0,0,-1,0,0,True,True,True,True,ALL,0,+000:23:04:02,+000:23:04:02,BAD ACSCL SOLUTION      
4,PV,ALL,0,0,-1,0,0,True,True,True,True,ALL,0,+000:23:04:02,+000:23:04:03,BAD ACSCL SOLUTION      
5,PV,ALL,0,0,-1,0,0,True,True,True,True,ALL,0,+000:23:04:03,+000:23:04:04,BAD ACSCL SOLUTION      
6,PV,ALL,0,0,-1,0,0,True,True,True,True,ALL,0,+000:23:04:05,+000:23:04:06,BAD ACSCL SOLUTION      
7,PV,ALL,0,0,-1,0,0,True,True,True,True,ALL,0,+000:23:04:06,+000:23:04:07,BAD ACSCL SOLUTION      
8,PV,ALL,0,0,-1,0,0,True,True,True,True,ALL,0,+000:23:04:07,+000:23:04:08,BAD ACSCL SOLUTION      
9,AZ,ALL,0,0,-1,0,0,True,True,True,True,ALL,0,+000:23:19:00,+000:23:19:02,BAD ACSCL SOLUTION      
10,AZ,ALL,0,0,-1,0,0,True,True,True,True,ALL,0,+000:23:19:02,+000:23:19:03,BAD ACSCL SOLUTION      
11,AA,ALL,0,0,-1,0,0,True,True,True,True,ALL,0,+000:23:19:15,+000:23:19:15,BAD ACSCL SOLUTION      
12,AA,ALL,0,0,-1,0,0,True,True,True,True,ALL,0,+000:23:19:15,+000:23:19:16,BAD ACSCL SOLUTION      
13,AA,ALL,0,0,-1,0,0,True,True,True,True,ALL,0,+000:23:19:16,+000:23:19:17,BAD ACSCL SOLUTION      
14,AA,ALL,0,0,-1,0,0,True,True,True,True,ALL,0,+000:23:19:18,+000:23:19:19,BAD ACSCL SOLUTION      
15,AA,ALL,0,0,-1,0,0,True,True,True,True,ALL,0,+000:23:19:18,+000:23:19:19,BAD ACSCL SOLUTION      
16,AA,ALL,0,0,-1,0,0,True,True,True,True,ALL,0,+000:23:19:19,+000:23:19:20,BAD ACSCL SOLUTION      
17,AA,ALL,0,0,-1,0,0,True,True,True,True,ALL,0,+000:23:19:19,+000:23:19:20,BAD ACSCL SOLUTION      
18,AA,ALL,0,0,-1,0,0,True,True,True,True,ALL,0,+000:23:19:20,+000:23:19:21,BAD ACSCL SOLUTION      
19,AA,ALL,0,0,-1,0,0,True,True,True,True,ALL,0,+000:23:19:20,+000:23:19:21,BAD ACSCL SOLUTION      
20,AA,ALL,0,0,-1,0,0,True,True,True,True,ALL,0,+000:23:19:21,+000:23:19:21,BAD ACSCL SOLUTION      
21,AA,ALL,0,0,-1,0,0,True,True,True,True,ALL,0,+000:23:19:21,+000:23:19:21,BAD ACSCL SOLUTION      
22,AA,ALL,0,0,-1,0,0,True,True,True,True,ALL,0,+000:23:19:21,+000:23:19:22,BAD ACSCL SOLUTION      
23,AA,ALL,0,0,-1,0,0,True,True,True,True,ALL,0,+000:23:19:21,+000:23:19:22,BAD ACSCL SOLUTION      
24,AA,ALL,0,0,-1,0,0,True,True,True,True,ALL,0,+000:23:19:22,+000:23:19:23,BAD ACSCL SOLUTION      
25,AA,ALL,0,0,-1,0,0,True,True,True,True,ALL,0,+000:23:19:22,+000:23:19:23,BAD ACSCL SOLUTION      
26,AA,ALL,0,0,-1,0,0,True,True,True,True,ALL,0,+000:23:19:24,+000:23:19:25,BAD ACSCL SOLUTION      
27,AA,ALL,0,0,-1,0,0,True,True,True,True,ALL,0,+000:23:19:24,+000:23:19:25,BAD ACSCL SOLUTION      
28,AA,ALL,0,0,-1,0,0,True,True,True,True,ALL,0,+000:23:19:25,+000:23:19:26,BAD ACSCL SOLUTION      
29,AA,ALL,0,0,-1,0,0,True,True,True,True,ALL,0,+000:23:19:25,+000:23:19:26,BAD ACSCL SOLUTION      
30,AA,ALL,0,0,-1,0,0,True,True,True,True,ALL,0,+000:23:19:26,+000:23:19:26,BAD ACSCL SOLUTION      
31,AA,ALL,0,0,-1,0,0,True,True,True,True,ALL,0,+000:23:19:26,+000:23:19:26,BAD ACSCL SOLUTION      
32,AA,ALL,0,0,-1,0,0,True,True,True,True,ALL,0,+000:23:19:26,+000:23:19:27,BAD ACSCL SOLUTION      
33,AA,ALL,0,0,-1,0,0,True,True,True,True,ALL,0,+000:23:19:27,+000:23:19:28,BAD ACSCL SOLUTION      
34,AA,ALL,0,0,-1,0,0,True,True,True,True,ALL,0,+000:23:19:27,+000:23:19:28,BAD ACSCL SOLUTION      
35,AA,ALL,0,0,-1,0,0,True,True,True,True,ALL,0,+000:23:19:29,+000:23:19:30,BAD ACSCL SOLUTION      
36,AA,ALL,0,0,-1,0,0,True,True,True,True,ALL,0,+000:23:19:29,+000:23:19:30,BAD ACSCL SOLUTION      
37,AA,ALL,0,0,-1,0,0,True,True,True,True,ALL,0,+000:23:19:30,+000:23:19:31,BAD ACSCL SOLUTION      
38,AA,ALL,0,0,-1,0,0,True,True,True,True,ALL,0,+000:23:19:30,+000:23:19:31,BAD ACSCL SOLUTION      
39,AA,ALL,0,0,-1,0,0,True,True,True,True,ALL,0,+000:23:19:31,+000:23:19:32,BAD ACSCL SOLUTION      
40,AA,ALL,0,0,-1,0,0,True,True,True,True,ALL,0,+000:23:19:31,+000:23:19:32,BAD ACSCL SOLUTION      
41,AA,ALL,0,0,-1,0,0,True,True,True,True,ALL,0,+000:23:19:32,+000:23:19:32,BAD ACSCL SOLUTION      
42,AA,ALL,0,0,-1,0,0,True,True,True,True,ALL,0,+000:23:19:32,+000:23:19:32,BAD ACSCL SOLUTION      
43,AA,ALL,0,0,-1,0,0,True,True,True,True,ALL,0,+000:23:19:32,+000:23:19:33,BAD ACSCL SOLUTION      
44,AA,ALL,0,0,-1,0,0,True,True,True,True,ALL,0,+000:23:19:33,+000:23:19:34,BAD ACSCL SOLUTION      
45,AA,ALL,0,0,-1,0,0,True,True,True,True,ALL,0,+000:23:19:35,+000:23:19:36,BAD ACSCL SOLUTION      
46,AA,ALL,0,0,-1,0,0,True,True,True,True,ALL,0,+000:23:19:36,+000:23:19:37,BAD ACSCL SOLUTION      
47,AA,ALL,0,0,-1,0,0,True,True,True,True,ALL,0,+000:23:19:37,+000:23:19:37,BAD ACSCL SOLUTION      
48,AA,ALL,0,0,-1,0,0,True,True,True,True,ALL,0,+000:23:19:37,+000:23:19:38,BAD ACSCL SOLUTION      
49,AA,ALL,0,0,-1,0,0,True,True,True,True,ALL,0,+000:23:19:38,+000:23:19:39,BAD ACSCL SOLUTION      
50,AA,ALL,0,0,-1,0,0,True,True,True,True,ALL,0,+000:23:19:40,+000:23:19:41,BAD ACSCL SOLUTION      
51,AA,ALL,0,0,-1,0,0,True,True,True,True,ALL,0,+000:23:19:41,+000:23:19:42,BAD ACSCL SOLUTION      
52,AA,ALL,0,0,-1,0,0,True,True,True,True,ALL,0,+000:23:19:42,+000:23:19:43,BAD ACSCL SOLUTION      
53,AA,ALL,0,0,-1,0,0,True,True,True,True,ALL,0,+000:23:19:43,+000:23:19:43,BAD ACSCL SOLUTION      
54,AA,ALL,0,0,-1,0,0,True,True,True,True,ALL,0,+000:23:19:43,+000:23:19:44,BAD ACSCL SOLUTION      
55,AA,ALL,0,0,-1,0,0,True,True,True,True,ALL,0,+000:23:19:43,+000:23:19:44,BAD ACSCL SOLUTION      
56,AA,ALL,0,0,-1,0,0,True,True,True,True,ALL,0,+000:23:19:44,+000:23:19:45,BAD ACSCL SOLUTION      
57,AA,ALL,0,0,-1,0,0,True,True,True,True,ALL,0,+000:23:19:44,+000:23:19:45,BAD ACSCL SOLUTION      
58,AA,ALL,0,0,-1,0,0,True,True,True,True,ALL,0,+000:23:19:46,+000:23:19:47,BAD ACSCL SOLUTION      
59,AA,ALL,0,0,-1,0,0,True,True,True,True,ALL,0,+000:23:19:46,+000:23:19:47,BAD ACSCL SOLUTION      
60,AA,ALL,0,0,-1,0,0,True,True,True,True,ALL,0,+000:23:19:47,+000:23:19:48,BAD ACSCL SOLUTION      
61,AA,ALL,0,0,-1,0,0,True,True,True,True,ALL,0,+000:23:19:47,+000:23:19:48,BAD ACSCL SOLUTION      
62,AA,ALL,0,0,-1,0,0,True,True,True,True,ALL,0,+000:23:19:48,+000:23:19:48,BAD ACSCL SOLUTION      
63,AA,ALL,0,0,-1,0,0,True,True,True,True,ALL,0,+000:23:19:48,+000:23:19:48,BAD ACSCL SOLUTION      
64,AA,ALL,0,0,-1,0,0,True,True,True,True,ALL,0,+000:23:19:48,+000:23:19:49,BAD ACSCL SOLUTION      
65,AA,ALL,0,0,-1,0,0,True,True,True,True,ALL,0,+000:23:19:49,+000:23:19:50,BAD ACSCL SOLUTION      
66,AA,ALL,0,0,-1,0,0,True,True,True,True,ALL,0,+000:23:19:49,+000:23:19:50,BAD ACSCL SOLUTION      
67,AA,ALL,0,0,-1,0,0,True,True,True,True,ALL,0,+000:23:19:51,+000:23:19:52,BAD ACSCL SOLUTION      
68,AA,ALL,0,0,-1,0,0,True,True,True,True,ALL,0,+000:23:19:52,+000:23:19:53,BAD ACSCL SOLUTION      
69,AA,ALL,0,0,-1,0,0,True,True,True,True,ALL,0,+000:23:19:53,+000:23:19:54,BAD ACSCL SOLUTION      
70,AA,ALL,0,0,-1,0,0,True,True,True,True,ALL,0,+000:23:19:54,+000:23:19:54,BAD ACSCL SOLUTION      
71,AA,ALL,0,0,-1,0,0,True,True,True,True,ALL,0,+000:23:19:54,+000:23:19:55,BAD ACSCL SOLUTION      
72,AA,ALL,0,0,-1,0,0,True,True,True,True,ALL,0,+000:23:19:55,+000:23:19:56,BAD ACSCL SOLUTION      
73,AA,ALL,0,0,-1,0,0,True,True,True,True,ALL,0,+000:23:19:57,+000:23:19:58,BAD ACSCL SOLUTION      
74,AA,ALL,0,0,-1,0,0,True,True,True,True,ALL,0,+000:23:19:58,+000:23:19:59,BAD ACSCL SOLUTION      
75,AA,ALL,0,0,-1,0,0,True,True,True,True,ALL,0,+000:23:19:59,+000:23:19:59,BAD ACSCL SOLUTION      
76,AA,ALL,0,0,-1,0,0,True,True,True,True,ALL,0,+000:23:19:59,+000:23:19:59,BAD ACSCL SOLUTION      
77,AA,ALL,0,0,-1,0,0,True,True,True,True,ALL,0,+000:23:19:59,+000:23:20:00,BAD ACSCL SOLUTION      
78,AA,ALL,0,0,-1,0,0,True,True,True,True,ALL,0,+000:23:19:59,+000:23:20:00,BAD ACSCL SOLUTION      
79,AA,ALL,0,0,-1,0,0,True,True,True,True,ALL,0,+000:23:20:00,+000:23:20:01,BAD ACSCL SOLUTION      
80,AA,ALL,0,0,-1,0,0,True,True,True,True,ALL,0,+000:23:20:00,+000:23:20:01,BAD ACSCL SOLUTION      
81,AA,ALL,0,0,-1,0,0,True,True,True,True,ALL,0,+000:23:20:01,+000:23:20:02,BAD ACSCL SOLUTION      
82,AA,ALL,0,0,-1,0,0,True,True,True,True,ALL,0,+000:23:20:01,+000:23:20:02,BAD ACSCL SOLUTION      
83,AA,ALL,0,0,-1,0,0,True,True,True,True,ALL,0,+000:23:20:03,+000:23:20:04,BAD ACSCL SOLUTION      
84,AA,ALL,0,0,-1,0,0,True,True,True,True,ALL,0,+000:23:20:04,+000:23:20:05,BAD ACSCL SOLUTION      
85,AA,ALL,0,0,-1,0,0,True,True,True,True,ALL,0,+000:23:20:05,+000:23:20:05,BAD ACSCL SOLUTION      
86,AA,ALL,0,0,-1,0,0,True,True,True,True,ALL,0,+000:23:20:05,+000:23:20:06,BAD ACSCL SOLUTION      
87,AA,ALL,0,0,-1,0,0,True,True,True,True,ALL,0,+000:23:20:06,+000:23:20:07,BAD ACSCL SOLUTION      
88,AA,ALL,0,0,-1,0,0,True,True,True,True,ALL,0,+000:23:20:08,+000:23:20:09,BAD ACSCL SOLUTION      
89,AA,ALL,0,0,-1,0,0,True,True,True,True,ALL,0,+000:23:20:09,+000:23:20:10,BAD ACSCL SOLUTION      
90,AA,ALL,0,0,-1,0,0,True,True,True,True,ALL,0,+000:23:20:10,+000:23:20:10,BAD ACSCL SOLUTION      
91,AA,ALL,0,0,-1,0,0,True,True,True,True,ALL,0,+000:23:20:10,+000:23:20:10,BAD ACSCL SOLUTION      
92,AA,ALL,0,0,-1,0,0,True,True,True,True,ALL,0,+000:23:20:10,+000:23:20:11,BAD ACSCL SOLUTION      
93,AA,ALL,0,0,-1,0,0,True,True,True,True,ALL,0,+000:23:20:10,+000:23:20:11,BAD ACSCL SOLUTION      
94,AA,ALL,0,0,-1,0,0,True,True,True,True,ALL,0,+000:23:20:11,+000:23:20:12,BAD ACSCL SOLUTION      
95,AA,ALL,0,0,-1,0,0,True,True,True,True,ALL,0,+000:23:20:12,+000:23:20:13,BAD ACSCL SOLUTION      
96,AA,ALL,0,0,-1,0,0,True,True,True,True,ALL,0,+000:23:20:14,+000:23:20:15,BAD ACSCL SOLUTION      
97,AA,ALL,0,0,-1,0,0,True,True,True,True,ALL,0,+000:23:20:15,+000:23:20:16,BAD ACSCL SOLUTION      
98,AA,ALL,0,0,-1,0,0,True,True,True,True,ALL,0,+000:23:20:20,+000:23:20:21,BAD ACSCL SOLUTION      
99,AA,ALL,0,0,-1,0,0,True,True,True,True,ALL,0,+000:23:20:21,+000:23:20:22,BAD ACSCL SOLUTION      
100,AA,ALL,0,0,-1,0,0,True,True,True,True,ALL,0,+000:23:20:22,+000:23:20:23,BAD ACSCL SOLUTION      
101,AA,ALL,0,0,-1,0,0,True,True,True,True,ALL,0,+000:23:20:23,+000:23:20:24,BAD ACSCL SOLUTION      
102,AA,ALL,0,0,-1,0,0,True,True,True,True,ALL,0,+000:23:20:25,+000:23:20:26,BAD ACSCL SOLUTION      
103,AA,ALL,0,0,-1,0,0,True,True,True,True,ALL,0,+000:23:20:26,+000:23:20:27,BAD ACSCL SOLUTION      
104,AA,ALL,0,0,-1,0,0,True,True,True,True,ALL,0,+000:23:20:27,+000:23:20:27,BAD ACSCL SOLUTION      
105,AA,ALL,0,0,-1,0,0,True,True,True,True,ALL,0,+000:23:20:27,+000:23:20:28,BAD ACSCL SOLUTION      
106,AA,ALL,0,0,-1,0,0,True,True,True,True,ALL,0,+000:23:20:28,+000:23:20:29,BAD ACSCL SOLUTION      
107,AA,ALL,0,0,-1,0,0,True,True,True,True,ALL,0,+000:23:20:28,+000:23:20:29,BAD ACSCL SOLUTION      
108,AA,ALL,0,0,-1,0,0,True,True,True,True,ALL,0,+000:23:20:30,+000:23:20:31,BAD ACSCL SOLUTION      
109,AA,ALL,0,0,-1,0,0,True,True,True,True,ALL,0,+000:23:20:31,+000:23:20:32,BAD ACSCL SOLUTION      
110,AA,ALL,0,0,-1,0,0,True,True,True,True,ALL,0,+000:23:20:32,+000:23:20:32,BAD ACSCL SOLUTION      
111,AA,ALL,0,0,-1,0,0,True,True,True,True,ALL,0,+000:23:20:32,+000:23:20:33,BAD ACSCL SOLUTION      
112,AA,ALL,0,0,-1,0,0,True,True,True,True,ALL,0,+000:23:20:33,+000:23:20:34,BAD ACSCL SOLUTION      
113,AA,ALL,0,0,-1,0,0,True,True,True,True,ALL,0,+000:23:20:33,+000:23:20:34,BAD ACSCL SOLUTION      
114,AA,ALL,0,0,-1,0,0,True,True,True,True,ALL,0,+000:23:20:34,+000:23:20:35,BAD ACSCL SOLUTION      
115,AA,ALL,0,0,-1,0,0,True,True,True,True,ALL,0,+000:23:20:36,+000:23:20:37,BAD ACSCL SOLUTION      
116,AA,ALL,0,0,-1,0,0,True,True,True,True,ALL,0,+000:23:20:37,+000:23:20:38,BAD ACSCL SOLUTION      
117,AA,ALL,0,0,-1,0,0,True,True,True,True,ALL,0,+000:23:20:38,+000:23:20:38,BAD ACSCL SOLUTION      
118,AA,ALL,0,0,-1,0,0,True,True,True,True,ALL,0,+000:23:20:38,+000:23:20:39,BAD ACSCL SOLUTION      
119,AA,ALL,0,0,-1,0,0,True,True,True,True,ALL,0,+000:23:20:39,+000:23:20:40,BAD ACSCL SOLUTION      
120,AA,ALL,0,0,-1,0,0,True,True,True,True,ALL,0,+000:23:20:41,+000:23:20:42,BAD ACSCL SOLUTION      
121,AA,ALL,0,0,-1,0,0,True,True,True,True,ALL,0,+001:00:10:08,+001:00:10:09,BAD ACSCL SOLUTION      
122,AA,ALL,0,0,-1,0,0,True,True,True,True,ALL,0,+001:00:10:09,+001:00:10:11,BAD ACSCL SOLUTION      
123,AA,ALL,0,0,-1,0,0,True,True,True,True,ALL,0,+001:00:10:11,+001:00:10:11,BAD ACSCL SOLUTION      
124,AA,ALL,0,0,-1,0,0,True,True,True,True,ALL,0,+001:00:10:11,+001:00:10:13,BAD ACSCL SOLUTION      
125,AA,ALL,0,0,-1,0,0,True,True,True,True,ALL,0,+001:00:10:13,+001:00:10:13,BAD ACSCL SOLUTION      
126,AA,ALL,0,0,-1,0,0,True,True,True,True,ALL,0,+001:00:10:13,+001:00:10:15,BAD ACSCL SOLUTION      
127,AA,ALL,0,0,-1,0,0,True,True,True,True,ALL,0,+001:00:10:15,+001:00:10:15,BAD ACSCL SOLUTION      
128,AA,ALL,0,0,-1,0,0,True,True,True,True,ALL,0,+001:00:10:15,+001:00:10:17,BAD ACSCL SOLUTION      
129,AA,ALL,0,0,-1,0,0,True,True,True,True,ALL,0,+001:00:10:17,+001:00:10:17,BAD ACSCL SOLUTION      
130,AA,ALL,0,0,-1,0,0,True,True,True,True,ALL,0,+001:00:10:17,+001:00:10:19,BAD ACSCL SOLUTION      
131,AA,ALL,0,0,-1,0,0,True,True,True,True,ALL,0,+001:00:10:19,+001:00:10:19,BAD ACSCL SOLUTION      
132,AA,ALL,0,0,-1,0,0,True,True,True,True,ALL,0,+001:00:10:19,+001:00:10:20,BAD ACSCL SOLUTION      
133,AA,ALL,0,0,-1,0,0,True,True,True,True,ALL,0,+001:00:10:20,+001:00:10:22,BAD ACSCL SOLUTION      
134,AA,ALL,0,0,-1,0,0,True,True,True,True,ALL,0,+001:00:10:22,+001:00:10:22,BAD ACSCL SOLUTION      
135,AA,ALL,0,0,-1,0,0,True,True,True,True,ALL,0,+001:00:10:22,+001:00:10:24,BAD ACSCL SOLUTION      
136,AA,ALL,0,0,-1,0,0,True,True,True,True,ALL,0,+001:00:10:24,+001:00:10:24,BAD ACSCL SOLUTION      
137,AA,ALL,0,0,-1,0,0,True,True,True,True,ALL,0,+001:00:10:24,+001:00:10:26,BAD ACSCL SOLUTION      
138,AA,ALL,0,0,-1,0,0,True,True,True,True,ALL,0,+001:00:10:26,+001:00:10:26,BAD ACSCL SOLUTION      
139,AA,ALL,0,0,-1,0,0,True,True,True,True,ALL,0,+001:00:10:26,+001:00:10:28,BAD ACSCL SOLUTION      
140,AA,ALL,0,0,-1,0,0,True,True,True,True,ALL,0,+001:00:10:28,+001:00:10:28,BAD ACSCL SOLUTION      
141,AA,ALL,0,0,-1,0,0,True,True,True,True,ALL,0,+001:00:10:28,+001:00:10:30,BAD ACSCL SOLUTION      
142,AA,ALL,0,0,-1,0,0,True,True,True,True,ALL,0,+001:00:10:30,+001:00:10:30,BAD ACSCL SOLUTION      
143,AA,ALL,0,0,-1,0,0,True,True,True,True,ALL,0,+001:00:10:30,+001:00:10:30,BAD ACSCL SOLUTION      
144,AA,ALL,0,0,-1,0,0,True,True,True,True,ALL,0,+001:00:10:30,+001:00:10:31,BAD ACSCL SOLUTION      
145,AA,ALL,0,0,-1,0,0,True,True,True,True,ALL,0,+001:00:10:31,+001:00:10:33,BAD ACSCL SOLUTION      
146,AA,ALL,0,0,-1,0,0,True,True,True,True,ALL,0,+001:00:10:33,+001:00:10:33,BAD ACSCL SOLUTION      
147,AA,ALL,0,0,-1,0,0,True,True,True,True,ALL,0,+001:00:10:33,+001:00:10:35,BAD ACSCL SOLUTION      
148,AA,ALL,0,0,-1,0,0,True,True,True,True,ALL,0,+001:00:10:35,+001:00:10:35,BAD ACSCL SOLUTION      
149,AA,ALL,0,0,-1,0,0,True,True,True,True,ALL,0,+001:00:10:35,+001:00:10:35,BAD ACSCL SOLUTION      
150,AA,ALL,0,0,-1,0,0,True,True,True,True,ALL,0,+001:00:10:35,+001:00:10:37,BAD ACSCL SOLUTION      
151,AA,ALL,0,0,-1,0,0,True,True,True,True,ALL,0,+001:00:10:37,+001:00:10:37,BAD ACSCL SOLUTION      
152,AA,ALL,0,0,-1,0,0,True,True,True,True,ALL,0,+001:00:10:37,+001:00:10:37,BAD ACSCL SOLUTION      
153,AA,ALL,0,0,-1,0,0,True,True,True,True,ALL,0,+001:00:10:37,+001:00:10:39,BAD ACSCL SOLUTION      
154,AA,ALL,0,0,-1,0,0,True,True,True,True,ALL,0,+001:00:10:39,+001:00:10:39,BAD ACSCL SOLUTION      
155,AA,ALL,0,0,-1,0,0,True,True,True,True,ALL,0,+001:00:10:39,+001:00:10:41,BAD ACSCL SOLUTION      
156,AA,ALL,0,0,-1,0,0,True,True,True,True,ALL,0,+001:00:10:41,+001:00:10:41,BAD ACSCL SOLUTION      
157,AA,ALL,0,0,-1,0,0,True,True,True,True,ALL,0,+001:00:10:41,+001:00:10:42,BAD ACSCL SOLUTION      
158,AA,ALL,0,0,-1,0,0,True,True,True,True,ALL,0,+001:00:10:42,+001:00:10:44,BAD ACSCL SOLUTION      
159,AA,ALL,0,0,-1,0,0,True,True,True,True,ALL,0,+001:00:10:44,+001:00:10:44,BAD ACSCL SOLUTION      
160,AA,ALL,0,0,-1,0,0,True,True,True,True,ALL,0,+001:00:10:44,+001:00:10:46,BAD ACSCL SOLUTION      
161,AA,ALL,0,0,-1,0,0,True,True,True,True,ALL,0,+001:00:10:46,+001:00:10:46,BAD ACSCL SOLUTION      
162,AA,ALL,0,0,-1,0,0,True,True,True,True,ALL,0,+001:00:10:46,+001:00:10:48,BAD ACSCL SOLUTION      
163,AA,ALL,0,0,-1,0,0,True,True,True,True,ALL,0,+001:00:10:48,+001:00:10:48,BAD ACSCL SOLUTION      
164,AA,ALL,0,0,-1,0,0,True,True,True,True,ALL,0,+001:00:10:48,+001:00:10:50,BAD ACSCL SOLUTION      
165,AA,ALL,0,0,-1,0,0,True,True,True,True,ALL,0,+001:00:10:50,+001:00:10:50,BAD ACSCL SOLUTION      
166,AA,ALL,0,0,-1,0,0,True,True,True,True,ALL,0,+001:00:10:50,+001:00:10:52,BAD ACSCL SOLUTION      
167,AA,ALL,0,0,-1,0,0,True,True,True,True,ALL,0,+001:00:10:52,+001:00:10:52,BAD ACSCL SOLUTION      
168,AA,ALL,0,0,-1,0,0,True,True,True,True,ALL,0,+001:00:10:52,+001:00:10:53,BAD ACSCL SOLUTION      
169,AA,ALL,0,0,-1,0,0,True,True,True,True,ALL,0,+001:00:10:53,+001:00:10:55,BAD ACSCL SOLUTION      
170,AA,ALL,0,0,-1,0,0,True,True,True,True,ALL,0,+001:00:10:55,+001:00:10:55,BAD ACSCL SOLUTION      
171,AA,ALL,0,0,-1,0,0,True,True,True,True,ALL,0,+001:00:10:55,+001:00:10:57,BAD ACSCL SOLUTION      
172,AA,ALL,0,0,-1,0,0,True,True,True,True,ALL,0,+001:00:10:57,+001:00:10:57,BAD ACSCL SOLUTION      
173,AA,ALL,0,0,-1,0,0,True,True,True,True,ALL,0,+001:00:10:57,+001:00:10:59,BAD ACSCL SOLUTION      
174,AA,ALL,0,0,-1,0,0,True,True,True,True,ALL,0,+001:00:10:59,+001:00:10:59,BAD ACSCL SOLUTION      
175,AA,ALL,0,0,-1,0,0,True,True,True,True,ALL,0,+001:00:10:59,+001:00:11:01,BAD ACSCL SOLUTION      
176,AA,ALL,0,0,-1,0,0,True,True,True,True,ALL,0,+001:00:11:01,+001:00:11:01,BAD ACSCL SOLUTION      
177,AA,ALL,0,0,-1,0,0,True,True,True,True,ALL,0,+001:00:11:01,+001:00:11:03,BAD ACSCL SOLUTION      
178,AA,ALL,0,0,-1,0,0,True,True,True,True,ALL,0,+001:00:11:03,+001:00:11:03,BAD ACSCL SOLUTION      
179,AA,ALL,0,0,-1,0,0,True,True,True,True,ALL,0,+001:00:11:03,+001:00:11:04,BAD ACSCL SOLUTION      
180,AA,ALL,0,0,-1,0,0,True,True,True,True,ALL,0,+001:00:11:04,+001:00:11:06,BAD ACSCL SOLUTION      
181,AA,ALL,0,0,-1,0,0,True,True,True,True,ALL,0,+001:00:11:06,+001:00:11:06,BAD ACSCL SOLUTION      
182,AA,ALL,0,0,-1,0,0,True,True,True,True,ALL,0,+001:00:11:06,+001:00:11:06,BAD ACSCL SOLUTION      
183,AA,ALL,0,0,-1,0,0,True,True,True,True,ALL,0,+001:00:11:06,+001:00:11:08,BAD ACSCL SOLUTION      
184,AA,ALL,0,0,-1,0,0,True,True,True,True,ALL,0,+001:00:11:08,+001:00:11:08,BAD ACSCL SOLUTION      
185,AA,ALL,0,0,-1,0,0,True,True,True,True,ALL,0,+001:00:11:08,+001:00:11:10,BAD ACSCL SOLUTION      
186,AA,ALL,0,0,-1,0,0,True,True,True,True,ALL,0,+001:00:11:10,+001:00:11:10,BAD ACSCL SOLUTION      
187,AA,ALL,0,0,-1,0,0,True,True,True,True,ALL,0,+001:00:11:10,+001:00:11:12,BAD ACSCL SOLUTION      
188,AA,ALL,0,0,-1,0,0,True,True,True,True,ALL,0,+001:00:11:12,+001:00:11:12,BAD ACSCL SOLUTION      
189,AA,ALL,0,0,-1,0,0,True,True,True,True,ALL,0,+001:00:11:12,+001:00:11:14,BAD ACSCL SOLUTION      
190,AA,ALL,0,0,-1,0,0,True,True,True,True,ALL,0,+001:00:11:14,+001:00:11:14,BAD ACSCL SOLUTION      
191,AA,ALL,0,0,-1,0,0,True,True,True,True,ALL,0,+001:00:11:14,+001:00:11:15,BAD ACSCL SOLUTION      
192,AA,ALL,0,0,-1,0,0,True,True,True,True,ALL,0,+001:00:11:15,+001:00:11:17,BAD ACSCL SOLUTION      
193,AA,ALL,0,0,-1,0,0,True,True,True,True,ALL,0,+001:00:11:17,+001:00:11:17,BAD ACSCL SOLUTION      
194,AA,ALL,0,0,-1,0,0,True,True,True,True,ALL,0,+001:00:11:17,+001:00:11:19,BAD ACSCL SOLUTION      
195,AA,ALL,0,0,-1,0,0,True,True,True,True,ALL,0,+001:00:11:19,+001:00:11:19,BAD ACSCL SOLUTION      
196,AA,ALL,0,0,-1,0,0,True,True,True,True,ALL,0,+001:00:11:19,+001:00:11:21,BAD ACSCL SOLUTION      
197,AA,ALL,0,0,-1,0,0,True,True,True,True,ALL,0,+001:00:11:21,+001:00:11:21,BAD ACSCL SOLUTION      
198,AA,ALL,0,0,-1,0,0,True,True,True,True,ALL,0,+001:00:11:21,+001:00:11:23,BAD ACSCL SOLUTION      
199,AA,ALL,0,0,-1,0,0,True,True,True,True,ALL,0,+001:00:11:23,+001:00:11:23,BAD ACSCL SOLUTION      
200,AA,ALL,0,0,-1,0,0,True,True,True,True,ALL,0,+001:00:11:23,+001:00:11:23,BAD ACSCL SOLUTION      
201,AZ,ALL,0,0,-1,0,0,True,True,True,True,ALL,0,+001:00:20:00,+001:00:20:02,BAD ACSCL SOLUTION      
202,AZ,ALL,0,0,-1,0,0,True,True,True,True,ALL,0,+001:00:20:02,+001:00:20:02,BAD ACSCL SOLUTION      
203,SM,ALL,0,0,-1,0,0,True,True,True,True,ALL,0,+001:01:00:03,+001:01:00:03,BAD ACSCL SOLUTION      
204,SM,ALL,0,0,-1,0,0,True,True,True,True,ALL,0,+001:01:00:03,+001:01:00:05,BAD ACSCL SOLUTION      
205,SM,ALL,0,0,-1,0,0,True,True,True,True,ALL,0,+001:01:00:05,+001:01:00:05,BAD ACSCL SOLUTION      
206,SM,ALL,0,0,-1,0,0,True,True,True,True,ALL,0,+001:01:00:05,+001:01:00:07,BAD ACSCL SOLUTION      
207,SM,ALL,0,0,-1,0,0,True,True,True,True,ALL,0,+001:01:01:07,+001:01:01:07,BAD ACSCL SOLUTION      
208,SM,ALL,0,0,-1,0,0,True,True,True,True,ALL,0,+001:01:01:07,+001:01:01:09,BAD ACSCL SOLUTION      
209,SM,ALL,0,0,-1,0,0,True,True,True,True,ALL,0,+001:01:01:09,+001:01:01:09,BAD ACSCL SOLUTION      
210,AA,ALL,0,0,-1,0,0,True,True,True,True,ALL,0,+001:01:01:27,+001:01:01:27,BAD ACSCL SOLUTION      
211,AA,ALL,0,0,-1,0,0,True,True,True,True,ALL,0,+001:01:01:27,+001:01:01:29,BAD ACSCL SOLUTION      
212,AA,ALL,0,0,-1,0,0,True,True,True,True,ALL,0,+001:01:01:29,+001:01:01:29,BAD ACSCL SOLUTION      
213,AA,ALL,0,0,-1,0,0,True,True,True,True,ALL,0,+001:01:01:29,+001:01:01:31,BAD ACSCL SOLUTION      
214,AA,ALL,0,0,-1,0,0,True,True,True,True,ALL,0,+001:01:01:31,+001:01:01:31,BAD ACSCL SOLUTION      
215,AA,ALL,0,0,-1,0,0,True,True,True,True,ALL,0,+001:01:01:31,+001:01:01:33,BAD ACSCL SOLUTION      
216,AA,ALL,0,0,-1,0,0,True,True,True,True,ALL,0,+001:01:01:33,+001:01:01:33,BAD ACSCL SOLUTION      
217,AA,ALL,0,0,-1,0,0,True,True,True,True,ALL,0,+001:01:01:33,+001:01:01:35,BAD ACSCL SOLUTION      
218,AA,ALL,0,0,-1,0,0,True,True,True,True,ALL,0,+001:01:01:35,+001:01:01:35,BAD ACSCL SOLUTION      
219,AA,ALL,0,0,-1,0,0,True,True,True,True,ALL,0,+001:01:01:35,+001:01:01:36,BAD ACSCL SOLUTION      
220,AA,ALL,0,0,-1,0,0,True,True,True,True,ALL,0,+001:01:01:36,+001:01:01:38,BAD ACSCL SOLUTION      
221,AA,ALL,0,0,-1,0,0,True,True,True,True,ALL,0,+001:01:01:38,+001:01:01:38,BAD ACSCL SOLUTION      
222,AA,ALL,0,0,-1,0,0,True,True,True,True,ALL,0,+001:01:01:38,+001:01:01:40,BAD ACSCL SOLUTION      
223,AA,ALL,0,0,-1,0,0,True,True,True,True,ALL,0,+001:01:01:40,+001:01:01:40,BAD ACSCL SOLUTION      
224,AA,ALL,0,0,-1,0,0,True,True,True,True,ALL,0,+001:01:01:40,+001:01:01:42,BAD ACSCL SOLUTION      
225,AA,ALL,0,0,-1,0,0,True,True,True,True,ALL,0,+001:01:01:42,+001:01:01:42,BAD ACSCL SOLUTION      
226,AA,ALL,0,0,-1,0,0,True,True,True,True,ALL,0,+001:01:01:42,+001:01:01:44,BAD ACSCL SOLUTION      
227,AA,ALL,0,0,-1,0,0,True,True,True,True,ALL,0,+001:01:01:44,+001:01:01:44,BAD ACSCL SOLUTION      
228,AA,ALL,0,0,-1,0,0,True,True,True,True,ALL,0,+001:01:01:44,+001:01:01:46,BAD ACSCL SOLUTION      
229,AA,ALL,0,0,-1,0,0,True,True,True,True,ALL,0,+001:01:01:46,+001:01:01:46,BAD ACSCL SOLUTION      
230,AA,ALL,0,0,-1,0,0,True,True,True,True,ALL,0,+001:01:01:46,+001:01:01:47,BAD ACSCL SOLUTION      
231,AA,ALL,0,0,-1,0,0,True,True,True,True,ALL,0,+001:01:01:47,+001:01:01:49,BAD ACSCL SOLUTION      
232,AA,ALL,0,0,-1,0,0,True,True,True,True,ALL,0,+001:01:01:49,+001:01:01:49,BAD ACSCL SOLUTION      
233,AA,ALL,0,0,-1,0,0,True,True,True,True,ALL,0,+001:01:01:49,+001:01:01:51,BAD ACSCL SOLUTION      
234,AA,ALL,0,0,-1,0,0,True,True,True,True,ALL,0,+001:01:01:51,+001:01:01:51,BAD ACSCL SOLUTION      
235,AA,ALL,0,0,-1,0,0,True,True,True,True,ALL,0,+001:01:01:51,+001:01:01:53,BAD ACSCL SOLUTION      
236,AA,ALL,0,0,-1,0,0,True,True,True,True,ALL,0,+001:01:01:53,+001:01:01:53,BAD ACSCL SOLUTION      
237,AA,ALL,0,0,-1,0,0,True,True,True,True,ALL,0,+001:01:01:53,+001:01:01:55,BAD ACSCL SOLUTION      
238,AA,ALL,0,0,-1,0,0,True,True,True,True,ALL,0,+001:01:01:55,+001:01:01:55,BAD ACSCL SOLUTION      
239,AA,ALL,0,0,-1,0,0,True,True,True,True,ALL,0,+001:01:01:55,+001:01:01:57,BAD ACSCL SOLUTION      
240,AA,ALL,0,0,-1,0,0,True,True,True,True,ALL,0,+001:01:01:57,+001:01:01:57,BAD ACSCL SOLUTION      
241,AA,ALL,0,0,-1,0,0,True,True,True,True,ALL,0,+001:01:01:57,+001:01:01:57,BAD ACSCL SOLUTION      
242,AA,ALL,0,0,-1,0,0,True,True,True,True,ALL,0,+001:01:01:57,+001:01:01:59,BAD ACSCL SOLUTION      
243,AA,ALL,0,0,-1,0,0,True,True,True,True,ALL,0,+001:01:01:59,+001:01:02:00,BAD ACSCL SOLUTION      
244,AA,ALL,0,0,-1,0,0,True,True,True,True,ALL,0,+001:01:02:00,+001:01:02:00,BAD ACSCL SOLUTION      
245,AA,ALL,0,0,-1,0,0,True,True,True,True,ALL,0,+001:01:02:00,+001:01:02:02,BAD ACSCL SOLUTION      
246,AA,ALL,0,0,-1,0,0,True,True,True,True,ALL,0,+001:01:02:02,+001:01:02:02,BAD ACSCL SOLUTION      
247,AA,ALL,0,0,-1,0,0,True,True,True,True,ALL,0,+001:01:02:02,+001:01:02:04,BAD ACSCL SOLUTION      
248,AA,ALL,0,0,-1,0,0,True,True,True,True,ALL,0,+001:01:02:04,+001:01:02:04,BAD ACSCL SOLUTION      
249,AA,ALL,0,0,-1,0,0,True,True,True,True,ALL,0,+001:01:02:04,+001:01:02:06,BAD ACSCL SOLUTION      
250,AA,ALL,0,0,-1,0,0,True,True,True,True,ALL,0,+001:01:02:06,+001:01:02:06,BAD ACSCL SOLUTION      
251,AA,ALL,0,0,-1,0,0,True,True,True,True,ALL,0,+001:01:02:06,+001:01:02:08,BAD ACSCL SOLUTION      
252,AA,ALL,0,0,-1,0,0,True,True,True,True,ALL,0,+001:01:02:08,+001:01:02:08,BAD ACSCL SOLUTION      
253,AA,ALL,0,0,-1,0,0,True,True,True,True,ALL,0,+001:01:02:08,+001:01:02:10,BAD ACSCL SOLUTION      
254,AA,ALL,0,0,-1,0,0,True,True,True,True,ALL,0,+001:01:02:10,+001:01:02:11,BAD ACSCL SOLUTION      
255,AA,ALL,0,0,-1,0,0,True,True,True,True,ALL,0,+001:01:02:11,+001:01:02:11,BAD ACSCL SOLUTION      
256,AA,ALL,0,0,-1,0,0,True,True,True,True,ALL,0,+001:01:02:11,+001:01:02:13,BAD ACSCL SOLUTION      
257,AA,ALL,0,0,-1,0,0,True,True,True,True,ALL,0,+001:01:02:13,+001:01:02:13,BAD ACSCL SOLUTION      
258,AA,ALL,0,0,-1,0,0,True,True,True,True,ALL,0,+001:01:02:13,+001:01:02:13,BAD ACSCL SOLUTION      
259,AA,ALL,0,0,-1,0,0,True,True,True,True,ALL,0,+001:01:02:13,+001:01:02:15,BAD ACSCL SOLUTION      
260,AA,ALL,0,0,-1,0,0,True,True,True,True,ALL,0,+001:01:02:15,+001:01:02:15,BAD ACSCL SOLUTION      
261,AA,ALL,0,0,-1,0,0,True,True,True,True,ALL,0,+001:01:02:15,+001:01:02:17,BAD ACSCL SOLUTION      
262,AA,ALL,0,0,-1,0,0,True,True,True,True,ALL,0,+001:01:02:17,+001:01:02:17,BAD ACSCL SOLUTION      
263,AA,ALL,0,0,-1,0,0,True,True,True,True,ALL,0,+001:01:02:17,+001:01:02:19,BAD ACSCL SOLUTION      
264,AA,ALL,0,0,-1,0,0,True,True,True,True,ALL,0,+001:01:02:19,+001:01:02:19,BAD ACSCL SOLUTION      
265,AA,ALL,0,0,-1,0,0,True,True,True,True,ALL,0,+001:01:02:19,+001:01:02:21,BAD ACSCL SOLUTION      
266,AA,ALL,0,0,-1,0,0,True,True,True,True,ALL,0,+001:01:02:21,+001:01:02:22,BAD ACSCL SOLUTION      
267,AA,ALL,0,0,-1,0,0,True,True,True,True,ALL,0,+001:01:02:22,+001:01:02:22,BAD ACSCL SOLUTION      
268,AA,ALL,0,0,-1,0,0,True,True,True,True,ALL,0,+001:01:02:22,+001:01:02:24,BAD ACSCL SOLUTION      
269,AA,ALL,0,0,-1,0,0,True,True,True,True,ALL,0,+001:01:02:24,+001:01:02:24,BAD ACSCL SOLUTION      
270,AA,ALL,0,0,-1,0,0,True,True,True,True,ALL,0,+001:01:02:24,+001:01:02:26,BAD ACSCL SOLUTION      
271,AA,ALL,0,0,-1,0,0,True,True,True,True,ALL,0,+001:01:02:26,+001:01:02:26,BAD ACSCL SOLUTION      
272,AA,ALL,0,0,-1,0,0,True,True,True,True,ALL,0,+001:01:02:26,+001:01:02:28,BAD ACSCL SOLUTION      
273,AA,ALL,0,0,-1,0,0,True,True,True,True,ALL,0,+001:01:02:28,+001:01:02:28,BAD ACSCL SOLUTION      
274,AA,ALL,0,0,-1,0,0,True,True,True,True,ALL,0,+001:01:02:28,+001:01:02:30,BAD ACSCL SOLUTION      
275,AA,ALL,0,0,-1,0,0,True,True,True,True,ALL,0,+001:01:02:30,+001:01:02:30,BAD ACSCL SOLUTION      
276,AA,ALL,0,0,-1,0,0,True,True,True,True,ALL,0,+001:01:02:30,+001:01:02:32,BAD ACSCL SOLUTION      
277,AA,ALL,0,0,-1,0,0,True,True,True,True,ALL,0,+001:01:02:32,+001:01:02:33,BAD ACSCL SOLUTION      
278,AA,ALL,0,0,-1,0,0,True,True,True,True,ALL,0,+001:01:02:33,+001:01:02:33,BAD ACSCL SOLUTION      
279,AA,ALL,0,0,-1,0,0,True,True,True,True,ALL,0,+001:01:02:33,+001:01:02:35,BAD ACSCL SOLUTION      
280,AA,ALL,0,0,-1,0,0,True,True,True,True,ALL,0,+001:01:02:35,+001:01:02:35,BAD ACSCL SOLUTION      
281,AA,ALL,0,0,-1,0,0,True,True,True,True,ALL,0,+001:01:02:37,+001:01:02:37,BAD ACSCL SOLUTION      
282,AA,ALL,0,0,-1,0,0,True,True,True,True,ALL,0,+001:01:02:37,+001:01:02:37,BAD ACSCL SOLUTION      
283,AA,ALL,0,0,-1,0,0,True,True,True,True,ALL,0,+001:01:02:37,+001:01:02:39,BAD ACSCL SOLUTION      
284,AA,ALL,0,0,-1,0,0,True,True,True,True,ALL,0,+001:01:02:39,+001:01:02:39,BAD ACSCL SOLUTION      
285,AA,ALL,0,0,-1,0,0,True,True,True,True,ALL,0,+001:01:02:39,+001:01:02:41,BAD ACSCL SOLUTION      
286,AA,ALL,0,0,-1,0,0,True,True,True,True,ALL,0,+001:01:02:41,+001:01:02:41,BAD ACSCL SOLUTION      
287,AA,ALL,0,0,-1,0,0,True,True,True,True,ALL,0,+001:01:02:41,+001:01:02:43,BAD ACSCL SOLUTION      
288,AA,ALL,0,0,-1,0,0,True,True,True,True,ALL,0,+001:01:02:43,+001:01:02:44,BAD ACSCL SOLUTION      
289,AA,ALL,0,0,-1,0,0,True,True,True,True,ALL,0,+001:01:02:44,+001:01:02:44,BAD ACSCL SOLUTION      
290,AA,ALL,0,0,-1,0,0,True,True,True,True,ALL,0,+001:01:02:44,+001:01:02:46,BAD ACSCL SOLUTION      
291,AA,ALL,0,0,-1,0,0,True,True,True,True,ALL,0,+001:01:02:46,+001:01:02:46,BAD ACSCL SOLUTION      
292,AA,ALL,0,0,-1,0,0,True,True,True,True,ALL,0,+001:01:02:46,+001:01:02:48,BAD ACSCL SOLUTION      
293,AA,ALL,0,0,-1,0,0,True,True,True,True,ALL,0,+001:01:02:48,+001:01:02:48,BAD ACSCL SOLUTION      
294,AA,ALL,0,0,-1,0,0,True,True,True,True,ALL,0,+001:01:02:48,+001:01:02:50,BAD ACSCL SOLUTION      
295,AA,ALL,0,0,-1,0,0,True,True,True,True,ALL,0,+001:01:02:50,+001:01:02:50,BAD ACSCL SOLUTION      
296,AA,ALL,0,0,-1,0,0,True,True,True,True,ALL,0,+001:01:02:50,+001:01:02:52,BAD ACSCL SOLUTION      
297,AA,ALL,0,0,-1,0,0,True,True,True,True,ALL,0,+001:01:02:52,+001:01:02:52,BAD ACSCL SOLUTION      
298,SM,ALL,0,0,-1,0,0,True,True,True,True,ALL,0,+001:01:14:07,+001:01:14:09,BAD ACSCL SOLUTION      
299,SM,ALL,0,0,-1,0,0,True,True,True,True,ALL,0,+001:01:14:09,+001:01:14:09,BAD ACSCL SOLUTION      
300,SM,ALL,0,0,-1,0,0,True,True,True,True,ALL,0,+001:01:14:10,+001:01:14:10,BAD ACSCL SOLUTION      
301,SM,ALL,0,0,-1,0,0,True,True,True,True,ALL,0,+001:01:16:21,+001:01:16:21,BAD ACSCL SOLUTION      
302,SM,ALL,0,0,-1,0,0,True,True,True,True,ALL,0,+001:01:16:22,+001:01:16:22,BAD ACSCL SOLUTION      
303,AZ,ALL,0,0,-1,0,0,True,True,True,True,ALL,0,+001:01:38:01,+001:01:38:01,BAD ACSCL SOLUTION      
304,SM,ALL,0,0,-1,0,0,True,True,True,True,ALL,0,+001:01:52:23,+001:01:52:25,BAD ACSCL SOLUTION      
305,SM,ALL,0,0,-1,0,0,True,True,True,True,ALL,0,+001:01:52:25,+001:01:52:25,BAD ACSCL SOLUTION      
306,SM,ALL,0,0,-1,0,0,True,True,True,True,ALL,0,+001:01:52:25,+001:01:52:27,BAD ACSCL SOLUTION      
307,SM,ALL,0,0,-1,0,0,True,True,True,True,ALL,0,+001:02:03:01,+001:02:03:01,BAD ACSCL SOLUTION      
308,SM,ALL,0,0,-1,0,0,True,True,True,True,ALL,0,+001:02:03:01,+001:02:03:03,BAD ACSCL SOLUTION      
309,AA,ALL,0,0,-1,0,0,True,True,True,True,ALL,0,+001:02:14:15,+001:02:14:15,BAD ACSCL SOLUTION      
310,AA,ALL,0,0,-1,0,0,True,True,True,True,ALL,0,+001:02:14:15,+001:02:14:15,BAD ACSCL SOLUTION      
311,AA,ALL,0,0,-1,0,0,True,True,True,True,ALL,0,+001:02:14:16,+001:02:14:16,BAD ACSCL SOLUTION      
312,AA,ALL,0,0,-1,0,0,True,True,True,True,ALL,0,+001:02:14:16,+001:02:14:16,BAD ACSCL SOLUTION      
313,AA,ALL,0,0,-1,0,0,True,True,True,True,ALL,0,+001:02:14:16,+001:02:14:18,BAD ACSCL SOLUTION      
314,AA,ALL,0,0,-1,0,0,True,True,True,True,ALL,0,+001:02:14:16,+001:02:14:18,BAD ACSCL SOLUTION      
315,AA,ALL,0,0,-1,0,0,True,True,True,True,ALL,0,+001:02:14:18,+001:02:14:18,BAD ACSCL SOLUTION      
316,AA,ALL,0,0,-1,0,0,True,True,True,True,ALL,0,+001:02:14:18,+001:02:14:18,BAD ACSCL SOLUTION      
317,AA,ALL,0,0,-1,0,0,True,True,True,True,ALL,0,+001:02:14:18,+001:02:14:20,BAD ACSCL SOLUTION      
318,AA,ALL,0,0,-1,0,0,True,True,True,True,ALL,0,+001:02:14:18,+001:02:14:20,BAD ACSCL SOLUTION      
319,AA,ALL,0,0,-1,0,0,True,True,True,True,ALL,0,+001:02:14:20,+001:02:14:20,BAD ACSCL SOLUTION      
320,AA,ALL,0,0,-1,0,0,True,True,True,True,ALL,0,+001:02:14:20,+001:02:14:20,BAD ACSCL SOLUTION      
321,AA,ALL,0,0,-1,0,0,True,True,True,True,ALL,0,+001:02:14:20,+001:02:14:22,BAD ACSCL SOLUTION      
322,AA,ALL,0,0,-1,0,0,True,True,True,True,ALL,0,+001:02:14:20,+001:02:14:22,BAD ACSCL SOLUTION      
323,AA,ALL,0,0,-1,0,0,True,True,True,True,ALL,0,+001:02:14:22,+001:02:14:22,BAD ACSCL SOLUTION      
324,AA,ALL,0,0,-1,0,0,True,True,True,True,ALL,0,+001:02:14:22,+001:02:14:22,BAD ACSCL SOLUTION      
325,AA,ALL,0,0,-1,0,0,True,True,True,True,ALL,0,+001:02:14:22,+001:02:14:24,BAD ACSCL SOLUTION      
326,AA,ALL,0,0,-1,0,0,True,True,True,True,ALL,0,+001:02:14:22,+001:02:14:24,BAD ACSCL SOLUTION      
327,AA,ALL,0,0,-1,0,0,True,True,True,True,ALL,0,+001:02:14:24,+001:02:14:24,BAD ACSCL SOLUTION      
328,AA,ALL,0,0,-1,0,0,True,True,True,True,ALL,0,+001:02:14:24,+001:02:14:24,BAD ACSCL SOLUTION      
329,AA,ALL,0,0,-1,0,0,True,True,True,True,ALL,0,+001:02:14:24,+001:02:14:26,BAD ACSCL SOLUTION      
330,AA,ALL,0,0,-1,0,0,True,True,True,True,ALL,0,+001:02:14:24,+001:02:14:26,BAD ACSCL SOLUTION      
331,AA,ALL,0,0,-1,0,0,True,True,True,True,ALL,0,+001:02:14:26,+001:02:14:26,BAD ACSCL SOLUTION      
332,AA,ALL,0,0,-1,0,0,True,True,True,True,ALL,0,+001:02:14:26,+001:02:14:26,BAD ACSCL SOLUTION      
333,AA,ALL,0,0,-1,0,0,True,True,True,True,ALL,0,+001:02:14:27,+001:02:14:27,BAD ACSCL SOLUTION      
334,AA,ALL,0,0,-1,0,0,True,True,True,True,ALL,0,+001:02:14:27,+001:02:14:27,BAD ACSCL SOLUTION      
335,AA,ALL,0,0,-1,0,0,True,True,True,True,ALL,0,+001:02:14:27,+001:02:14:29,BAD ACSCL SOLUTION      
336,AA,ALL,0,0,-1,0,0,True,True,True,True,ALL,0,+001:02:14:29,+001:02:14:29,BAD ACSCL SOLUTION      
337,AA,ALL,0,0,-1,0,0,True,True,True,True,ALL,0,+001:02:14:29,+001:02:14:31,BAD ACSCL SOLUTION      
338,AA,ALL,0,0,-1,0,0,True,True,True,True,ALL,0,+001:02:14:31,+001:02:14:31,BAD ACSCL SOLUTION      
339,AA,ALL,0,0,-1,0,0,True,True,True,True,ALL,0,+001:02:14:31,+001:02:14:33,BAD ACSCL SOLUTION      
340,AA,ALL,0,0,-1,0,0,True,True,True,True,ALL,0,+001:02:14:33,+001:02:14:33,BAD ACSCL SOLUTION      
341,AA,ALL,0,0,-1,0,0,True,True,True,True,ALL,0,+001:02:14:33,+001:02:14:35,BAD ACSCL SOLUTION      
342,AA,ALL,0,0,-1,0,0,True,True,True,True,ALL,0,+001:02:14:35,+001:02:14:35,BAD ACSCL SOLUTION      
343,AA,ALL,0,0,-1,0,0,True,True,True,True,ALL,0,+001:02:14:35,+001:02:14:37,BAD ACSCL SOLUTION      
344,AA,ALL,0,0,-1,0,0,True,True,True,True,ALL,0,+001:02:14:37,+001:02:14:37,BAD ACSCL SOLUTION      
345,AA,ALL,0,0,-1,0,0,True,True,True,True,ALL,0,+001:02:14:37,+001:02:14:38,BAD ACSCL SOLUTION      
346,AA,ALL,0,0,-1,0,0,True,True,True,True,ALL,0,+001:02:14:38,+001:02:14:40,BAD ACSCL SOLUTION      
347,AA,ALL,0,0,-1,0,0,True,True,True,True,ALL,0,+001:02:14:40,+001:02:14:40,BAD ACSCL SOLUTION      
348,AA,ALL,0,0,-1,0,0,True,True,True,True,ALL,0,+001:02:14:40,+001:02:14:42,BAD ACSCL SOLUTION      
349,AA,ALL,0,0,-1,0,0,True,True,True,True,ALL,0,+001:02:14:42,+001:02:14:42,BAD ACSCL SOLUTION      
350,AA,ALL,0,0,-1,0,0,True,True,True,True,ALL,0,+001:02:14:42,+001:02:14:44,BAD ACSCL SOLUTION      
351,AA,ALL,0,0,-1,0,0,True,True,True,True,ALL,0,+001:02:14:44,+001:02:14:44,BAD ACSCL SOLUTION      
352,AA,ALL,0,0,-1,0,0,True,True,True,True,ALL,0,+001:02:14:44,+001:02:14:44,BAD ACSCL SOLUTION      
353,AA,ALL,0,0,-1,0,0,True,True,True,True,ALL,0,+001:02:14:44,+001:02:14:46,BAD ACSCL SOLUTION      
354,AA,ALL,0,0,-1,0,0,True,True,True,True,ALL,0,+001:02:14:46,+001:02:14:46,BAD ACSCL SOLUTION      
355,AA,ALL,0,0,-1,0,0,True,True,True,True,ALL,0,+001:02:14:46,+001:02:14:48,BAD ACSCL SOLUTION      
356,AA,ALL,0,0,-1,0,0,True,True,True,True,ALL,0,+001:02:14:48,+001:02:14:48,BAD ACSCL SOLUTION      
357,AA,ALL,0,0,-1,0,0,True,True,True,True,ALL,0,+001:02:14:48,+001:02:14:49,BAD ACSCL SOLUTION      
358,AA,ALL,0,0,-1,0,0,True,True,True,True,ALL,0,+001:02:14:49,+001:02:14:51,BAD ACSCL SOLUTION      
359,AA,ALL,0,0,-1,0,0,True,True,True,True,ALL,0,+001:02:14:51,+001:02:14:51,BAD ACSCL SOLUTION      
360,AA,ALL,0,0,-1,0,0,True,True,True,True,ALL,0,+001:02:14:51,+001:02:14:51,BAD ACSCL SOLUTION      
361,AA,ALL,0,0,-1,0,0,True,True,True,True,ALL,0,+001:02:14:51,+001:02:14:53,BAD ACSCL SOLUTION      
362,AA,ALL,0,0,-1,0,0,True,True,True,True,ALL,0,+001:02:14:53,+001:02:14:53,BAD ACSCL SOLUTION      
363,AA,ALL,0,0,-1,0,0,True,True,True,True,ALL,0,+001:02:14:53,+001:02:14:55,BAD ACSCL SOLUTION      
364,AA,ALL,0,0,-1,0,0,True,True,True,True,ALL,0,+001:02:14:55,+001:02:14:55,BAD ACSCL SOLUTION      
365,AA,ALL,0,0,-1,0,0,True,True,True,True,ALL,0,+001:02:14:55,+001:02:14:57,BAD ACSCL SOLUTION      
366,AA,ALL,0,0,-1,0,0,True,True,True,True,ALL,0,+001:02:14:57,+001:02:14:57,BAD ACSCL SOLUTION      
367,AA,ALL,0,0,-1,0,0,True,True,True,True,ALL,0,+001:02:14:57,+001:02:14:59,BAD ACSCL SOLUTION      
368,AA,ALL,0,0,-1,0,0,True,True,True,True,ALL,0,+001:02:14:59,+001:02:14:59,BAD ACSCL SOLUTION      
369,AA,ALL,0,0,-1,0,0,True,True,True,True,ALL,0,+001:02:14:59,+001:02:15:00,BAD ACSCL SOLUTION      
370,AA,ALL,0,0,-1,0,0,True,True,True,True,ALL,0,+001:02:15:00,+001:02:15:02,BAD ACSCL SOLUTION      
371,AA,ALL,0,0,-1,0,0,True,True,True,True,ALL,0,+001:02:15:00,+001:02:15:02,BAD ACSCL SOLUTION      
372,AA,ALL,0,0,-1,0,0,True,True,True,True,ALL,0,+001:02:15:02,+001:02:15:02,BAD ACSCL SOLUTION      
373,AA,ALL,0,0,-1,0,0,True,True,True,True,ALL,0,+001:02:15:02,+001:02:15:02,BAD ACSCL SOLUTION      
374,AA,ALL,0,0,-1,0,0,True,True,True,True,ALL,0,+001:02:15:02,+001:02:15:04,BAD ACSCL SOLUTION      
375,AA,ALL,0,0,-1,0,0,True,True,True,True,ALL,0,+001:02:15:04,+001:02:15:04,BAD ACSCL SOLUTION      
376,AA,ALL,0,0,-1,0,0,True,True,True,True,ALL,0,+001:02:15:04,+001:02:15:04,BAD ACSCL SOLUTION      
377,AA,ALL,0,0,-1,0,0,True,True,True,True,ALL,0,+001:02:15:04,+001:02:15:06,BAD ACSCL SOLUTION      
378,AA,ALL,0,0,-1,0,0,True,True,True,True,ALL,0,+001:02:15:04,+001:02:15:06,BAD ACSCL SOLUTION      
379,AA,ALL,0,0,-1,0,0,True,True,True,True,ALL,0,+001:02:15:06,+001:02:15:06,BAD ACSCL SOLUTION      
380,AA,ALL,0,0,-1,0,0,True,True,True,True,ALL,0,+001:02:15:06,+001:02:15:06,BAD ACSCL SOLUTION      
381,AA,ALL,0,0,-1,0,0,True,True,True,True,ALL,0,+001:02:15:06,+001:02:15:06,BAD ACSCL SOLUTION      
382,AA,ALL,0,0,-1,0,0,True,True,True,True,ALL,0,+001:02:15:06,+001:02:15:08,BAD ACSCL SOLUTION      
383,AA,ALL,0,0,-1,0,0,True,True,True,True,ALL,0,+001:02:15:06,+001:02:15:08,BAD ACSCL SOLUTION      
384,AA,ALL,0,0,-1,0,0,True,True,True,True,ALL,0,+001:02:15:08,+001:02:15:08,BAD ACSCL SOLUTION      
385,AA,ALL,0,0,-1,0,0,True,True,True,True,ALL,0,+001:02:15:08,+001:02:15:10,BAD ACSCL SOLUTION      
386,AA,ALL,0,0,-1,0,0,True,True,True,True,ALL,0,+001:02:15:10,+001:02:15:10,BAD ACSCL SOLUTION      
387,AA,ALL,0,0,-1,0,0,True,True,True,True,ALL,0,+001:02:15:10,+001:02:15:12,BAD ACSCL SOLUTION      
388,AA,ALL,0,0,-1,0,0,True,True,True,True,ALL,0,+001:02:15:12,+001:02:15:13,BAD ACSCL SOLUTION      
389,AA,ALL,0,0,-1,0,0,True,True,True,True,ALL,0,+001:02:15:13,+001:02:15:13,BAD ACSCL SOLUTION      
390,AA,ALL,0,0,-1,0,0,True,True,True,True,ALL,0,+001:02:15:13,+001:02:15:15,BAD ACSCL SOLUTION      
391,AA,ALL,0,0,-1,0,0,True,True,True,True,ALL,0,+001:02:15:15,+001:02:15:15,BAD ACSCL SOLUTION      
392,AA,ALL,0,0,-1,0,0,True,True,True,True,ALL,0,+001:02:15:15,+001:02:15:17,BAD ACSCL SOLUTION      
393,AA,ALL,0,0,-1,0,0,True,True,True,True,ALL,0,+001:02:15:17,+001:02:15:17,BAD ACSCL SOLUTION      
394,AA,ALL,0,0,-1,0,0,True,True,True,True,ALL,0,+001:02:15:17,+001:02:15:19,BAD ACSCL SOLUTION      
395,AA,ALL,0,0,-1,0,0,True,True,True,True,ALL,0,+001:02:15:19,+001:02:15:19,BAD ACSCL SOLUTION      
396,AA,ALL,0,0,-1,0,0,True,True,True,True,ALL,0,+001:02:15:19,+001:02:15:21,BAD ACSCL SOLUTION      
397,AA,ALL,0,0,-1,0,0,True,True,True,True,ALL,0,+001:02:15:21,+001:02:15:21,BAD ACSCL SOLUTION      
398,AA,ALL,0,0,-1,0,0,True,True,True,True,ALL,0,+001:02:15:21,+001:02:15:23,BAD ACSCL SOLUTION      
399,AA,ALL,0,0,-1,0,0,True,True,True,True,ALL,0,+001:02:15:21,+001:02:15:23,BAD ACSCL SOLUTION      
400,AA,ALL,0,0,-1,0,0,True,True,True,True,ALL,0,+001:02:15:23,+001:02:15:24,BAD ACSCL SOLUTION      
401,AA,ALL,0,0,-1,0,0,True,True,True,True,ALL,0,+001:02:15:24,+001:02:15:24,BAD ACSCL SOLUTION      
402,AA,ALL,0,0,-1,0,0,True,True,True,True,ALL,0,+001:02:15:24,+001:02:15:24,BAD ACSCL SOLUTION      
403,AA,ALL,0,0,-1,0,0,True,True,True,True,ALL,0,+001:02:15:24,+001:02:15:26,BAD ACSCL SOLUTION      
404,AA,ALL,0,0,-1,0,0,True,True,True,True,ALL,0,+001:02:15:26,+001:02:15:26,BAD ACSCL SOLUTION      
405,AA,ALL,0,0,-1,0,0,True,True,True,True,ALL,0,+001:02:15:26,+001:02:15:28,BAD ACSCL SOLUTION      
406,AA,ALL,0,0,-1,0,0,True,True,True,True,ALL,0,+001:02:15:28,+001:02:15:28,BAD ACSCL SOLUTION      
407,AA,ALL,0,0,-1,0,0,True,True,True,True,ALL,0,+001:02:15:28,+001:02:15:30,BAD ACSCL SOLUTION      
408,AA,ALL,0,0,-1,0,0,True,True,True,True,ALL,0,+001:02:15:30,+001:02:15:30,BAD ACSCL SOLUTION      
409,AA,ALL,0,0,-1,0,0,True,True,True,True,ALL,0,+001:02:15:30,+001:02:15:32,BAD ACSCL SOLUTION      
410,AA,ALL,0,0,-1,0,0,True,True,True,True,ALL,0,+001:02:15:32,+001:02:15:32,BAD ACSCL SOLUTION      
411,AA,ALL,0,0,-1,0,0,True,True,True,True,ALL,0,+001:02:15:32,+001:02:15:34,BAD ACSCL SOLUTION      
412,AA,ALL,0,0,-1,0,0,True,True,True,True,ALL,0,+001:02:15:34,+001:02:15:34,BAD ACSCL SOLUTION      
413,AA,ALL,0,0,-1,0,0,True,True,True,True,ALL,0,+001:02:15:35,+001:02:15:35,BAD ACSCL SOLUTION      
414,AA,ALL,0,0,-1,0,0,True,True,True,True,ALL,0,+001:02:15:35,+001:02:15:37,BAD ACSCL SOLUTION      
415,AA,ALL,0,0,-1,0,0,True,True,True,True,ALL,0,+001:02:15:37,+001:02:15:37,BAD ACSCL SOLUTION      
416,AA,ALL,0,0,-1,0,0,True,True,True,True,ALL,0,+001:02:15:37,+001:02:15:39,BAD ACSCL SOLUTION      
417,AA,ALL,0,0,-1,0,0,True,True,True,True,ALL,0,+001:02:15:39,+001:02:15:39,BAD ACSCL SOLUTION      
418,AA,ALL,0,0,-1,0,0,True,True,True,True,ALL,0,+001:02:15:39,+001:02:15:41,BAD ACSCL SOLUTION      
419,AA,ALL,0,0,-1,0,0,True,True,True,True,ALL,0,+001:02:15:41,+001:02:15:41,BAD ACSCL SOLUTION      
420,SM,ALL,0,0,-1,0,0,True,True,True,True,ALL,0,+001:02:16:30,+001:02:16:30,BAD ACSCL SOLUTION      
421,SM,ALL,0,0,-1,0,0,True,True,True,True,ALL,0,+001:02:16:30,+001:02:16:32,BAD ACSCL SOLUTION      
422,SM,ALL,0,0,-1,0,0,True,True,True,True,ALL,0,+001:02:16:32,+001:02:16:32,BAD ACSCL SOLUTION      
423,SM,ALL,0,0,-1,0,0,True,True,True,True,ALL,0,+001:02:19:04,+001:02:19:06,BAD ACSCL SOLUTION      
424,JC,ALL,0,0,-1,0,0,True,True,True,True,ALL,0,+001:02:19:04,+001:02:19:06,BAD ACSCL SOLUTION      
425,SR,ALL,0,0,-1,0,0,True,True,True,True,ALL,0,+001:02:19:04,+001:02:19:06,BAD ACSCL SOLUTION      
426,JC,ALL,0,0,-1,0,0,True,True,True,True,ALL,0,+001:02:19:06,+001:02:19:06,BAD ACSCL SOLUTION      
427,SM,ALL,0,0,-1,0,0,True,True,True,True,ALL,0,+001:02:19:06,+001:02:19:06,BAD ACSCL SOLUTION      
428,SR,ALL,0,0,-1,0,0,True,True,True,True,ALL,0,+001:02:19:06,+001:02:19:06,BAD ACSCL SOLUTION      
429,SR,ALL,0,0,-1,0,0,True,True,True,True,ALL,0,+001:02:19:06,+001:02:19:08,BAD ACSCL SOLUTION      
430,JC,ALL,0,0,-1,0,0,True,True,True,True,ALL,0,+001:02:19:06,+001:02:19:08,BAD ACSCL SOLUTION      
431,SM,ALL,0,0,-1,0,0,True,True,True,True,ALL,0,+001:02:19:06,+001:02:19:08,BAD ACSCL SOLUTION      
432,SR,ALL,0,0,-1,0,0,True,True,True,True,ALL,0,+001:02:19:08,+001:02:19:08,BAD ACSCL SOLUTION      
433,JC,ALL,0,0,-1,0,0,True,True,True,True,ALL,0,+001:02:19:08,+001:02:19:08,BAD ACSCL SOLUTION      
434,SM,ALL,0,0,-1,0,0,True,True,True,True,ALL,0,+001:02:19:08,+001:02:19:08,BAD ACSCL SOLUTION      
435,SM,ALL,0,0,-1,0,0,True,True,True,True,ALL,0,+001:02:19:08,+001:02:19:10,BAD ACSCL SOLUTION      
436,JC,ALL,0,0,-1,0,0,True,True,True,True,ALL,0,+001:02:19:08,+001:02:19:10,BAD ACSCL SOLUTION      
437,SR,ALL,0,0,-1,0,0,True,True,True,True,ALL,0,+001:02:19:08,+001:02:19:10,BAD ACSCL SOLUTION      
438,SR,ALL,0,0,-1,0,0,True,True,True,True,ALL,0,+001:02:19:10,+001:02:19:10,BAD ACSCL SOLUTION      
439,SM,ALL,0,0,-1,0,0,True,True,True,True,ALL,0,+001:02:19:10,+001:02:19:10,BAD ACSCL SOLUTION      
440,JC,ALL,0,0,-1,0,0,True,True,True,True,ALL,0,+001:02:19:10,+001:02:19:10,BAD ACSCL SOLUTION      
441,SR,ALL,0,0,-1,0,0,True,True,True,True,ALL,0,+001:02:19:10,+001:02:19:12,BAD ACSCL SOLUTION      
442,JC,ALL,0,0,-1,0,0,True,True,True,True,ALL,0,+001:02:19:10,+001:02:19:12,BAD ACSCL SOLUTION      
443,SM,ALL,0,0,-1,0,0,True,True,True,True,ALL,0,+001:02:19:10,+001:02:19:12,BAD ACSCL SOLUTION      
444,SM,ALL,0,0,-1,0,0,True,True,True,True,ALL,0,+001:02:19:12,+001:02:19:12,BAD ACSCL SOLUTION      
445,SR,ALL,0,0,-1,0,0,True,True,True,True,ALL,0,+001:02:19:12,+001:02:19:12,BAD ACSCL SOLUTION      
446,SR,ALL,0,0,-1,0,0,True,True,True,True,ALL,0,+001:02:19:12,+001:02:19:14,BAD ACSCL SOLUTION      
447,SM,ALL,0,0,-1,0,0,True,True,True,True,ALL,0,+001:02:19:12,+001:02:19:14,BAD ACSCL SOLUTION      
448,SM,ALL,0,0,-1,0,0,True,True,True,True,ALL,0,+001:02:19:12,+001:02:19:14,BAD ACSCL SOLUTION      
449,SR,ALL,0,0,-1,0,0,True,True,True,True,ALL,0,+001:02:19:14,+001:02:19:14,BAD ACSCL SOLUTION      
450,SM,ALL,0,0,-1,0,0,True,True,True,True,ALL,0,+001:02:19:14,+001:02:19:14,BAD ACSCL SOLUTION      
451,SR,ALL,0,0,-1,0,0,True,True,True,True,ALL,0,+001:02:19:15,+001:02:19:15,BAD ACSCL SOLUTION      
452,SM,ALL,0,0,-1,0,0,True,True,True,True,ALL,0,+001:02:19:15,+001:02:19:15,BAD ACSCL SOLUTION      
453,SM,ALL,0,0,-1,0,0,True,True,True,True,ALL,0,+001:02:19:15,+001:02:19:17,BAD ACSCL SOLUTION      
454,SR,ALL,0,0,-1,0,0,True,True,True,True,ALL,0,+001:02:19:15,+001:02:19:17,BAD ACSCL SOLUTION      
455,SM,ALL,0,0,-1,0,0,True,True,True,True,ALL,0,+001:02:19:17,+001:02:19:17,BAD ACSCL SOLUTION      
456,SR,ALL,0,0,-1,0,0,True,True,True,True,ALL,0,+001:02:19:17,+001:02:19:17,BAD ACSCL SOLUTION      
457,SR,ALL,0,0,-1,0,0,True,True,True,True,ALL,0,+001:02:19:17,+001:02:19:19,BAD ACSCL SOLUTION      
458,SM,ALL,0,0,-1,0,0,True,True,True,True,ALL,0,+001:02:19:17,+001:02:19:19,BAD ACSCL SOLUTION      
459,SM,ALL,0,0,-1,0,0,True,True,True,True,ALL,0,+001:02:19:19,+001:02:19:19,BAD ACSCL SOLUTION      
460,SR,ALL,0,0,-1,0,0,True,True,True,True,ALL,0,+001:02:19:19,+001:02:19:19,BAD ACSCL SOLUTION      
461,SM,ALL,0,0,-1,0,0,True,True,True,True,ALL,0,+001:02:19:19,+001:02:19:21,BAD ACSCL SOLUTION      
462,SR,ALL,0,0,-1,0,0,True,True,True,True,ALL,0,+001:02:19:19,+001:02:19:21,BAD ACSCL SOLUTION      
463,SR,ALL,0,0,-1,0,0,True,True,True,True,ALL,0,+001:02:19:21,+001:02:19:21,BAD ACSCL SOLUTION      
464,SR,ALL,0,0,-1,0,0,True,True,True,True,ALL,0,+001:02:19:21,+001:02:19:23,BAD ACSCL SOLUTION      
465,SR,ALL,0,0,-1,0,0,True,True,True,True,ALL,0,+001:02:19:23,+001:02:19:23,BAD ACSCL SOLUTION      
466,SR,ALL,0,0,-1,0,0,True,True,True,True,ALL,0,+001:02:19:23,+001:02:19:25,BAD ACSCL SOLUTION      
467,SR,ALL,0,0,-1,0,0,True,True,True,True,ALL,0,+001:02:19:25,+001:02:19:25,BAD ACSCL SOLUTION      
468,SR,ALL,0,0,-1,0,0,True,True,True,True,ALL,0,+001:02:19:26,+001:02:19:26,BAD ACSCL SOLUTION      
469,SM,ALL,0,0,-1,0,0,True,True,True,True,ALL,0,+001:02:19:32,+001:02:19:32,BAD ACSCL SOLUTION      
470,SM,ALL,0,0,-1,0,0,True,True,True,True,ALL,0,+001:02:19:32,+001:02:19:34,BAD ACSCL SOLUTION      
471,SM,ALL,0,0,-1,0,0,True,True,True,True,ALL,0,+001:02:19:34,+001:02:19:34,BAD ACSCL SOLUTION      
472,LM,ALL,0,0,-1,0,0,True,True,True,True,ALL,0,+001:02:25:37,+001:02:25:39,BAD ACSCL SOLUTION      
473,LM,ALL,0,0,-1,0,0,True,True,True,True,ALL,0,+001:02:25:39,+001:02:25:39,BAD ACSCL SOLUTION      
474,LM,ALL,0,0,-1,0,0,True,True,True,True,ALL,0,+001:02:25:39,+001:02:25:41,BAD ACSCL SOLUTION      
475,LM,ALL,0,0,-1,0,0,True,True,True,True,ALL,0,+001:02:25:41,+001:02:25:41,BAD ACSCL SOLUTION      
476,LM,ALL,0,0,-1,0,0,True,True,True,True,ALL,0,+001:02:25:42,+001:02:25:42,BAD ACSCL SOLUTION      
477,LM,ALL,0,0,-1,0,0,True,True,True,True,ALL,0,+001:02:25:42,+001:02:25:44,BAD ACSCL SOLUTION      
478,SM,ALL,0,0,-1,0,0,True,True,True,True,ALL,0,+001:03:12:40,+001:03:12:42,BAD ACSCL SOLUTION      
479,SM,ALL,0,0,-1,0,0,True,True,True,True,ALL,0,+001:03:14:32,+001:03:14:34,BAD ACSCL SOLUTION      
480,AZ,ALL,0,0,-1,0,0,True,True,True,True,ALL,0,+001:03:25:01,+001:03:25:01,BAD ACSCL SOLUTION      
481,AZ,ALL,0,0,-1,0,0,True,True,True,True,ALL,0,+001:03:25:01,+001:03:25:03,BAD ACSCL SOLUTION      
482,SM,ALL,0,0,-1,0,0,True,True,True,True,ALL,0,+001:03:45:32,+001:03:45:34,BAD ACSCL SOLUTION      
483,SM,ALL,0,0,-1,0,0,True,True,True,True,ALL,0,+001:03:45:34,+001:03:45:34,BAD ACSCL SOLUTION      
484,SM,ALL,0,0,-1,0,0,True,True,True,True,ALL,0,+001:03:45:35,+001:03:45:35,BAD ACSCL SOLUTION      
485,SM,ALL,0,0,-1,0,0,True,True,True,True,ALL,0,+001:03:46:10,+001:03:46:12,BAD ACSCL SOLUTION      
486,SM,ALL,0,0,-1,0,0,True,True,True,True,ALL,0,+001:03:46:12,+001:03:46:12,BAD ACSCL SOLUTION      
487,SM,ALL,0,0,-1,0,0,True,True,True,True,ALL,0,+001:03:46:12,+001:03:46:14,BAD ACSCL SOLUTION      
488,SM,ALL,0,0,-1,0,0,True,True,True,True,ALL,0,+001:03:46:14,+001:03:46:14,BAD ACSCL SOLUTION      
489,SM,ALL,0,0,-1,0,0,True,True,True,True,ALL,0,+001:03:46:14,+001:03:46:14,BAD ACSCL SOLUTION      
490,SM,ALL,0,0,-1,0,0,True,True,True,True,ALL,0,+001:03:47:11,+001:03:47:11,BAD ACSCL SOLUTION      
491,SM,ALL,0,0,-1,0,0,True,True,True,True,ALL,0,+001:03:47:11,+001:03:47:11,BAD ACSCL SOLUTION      
492,SM,ALL,0,0,-1,0,0,True,True,True,True,ALL,0,+001:03:47:11,+001:03:47:13,BAD ACSCL SOLUTION      
493,SM,ALL,0,0,-1,0,0,True,True,True,True,ALL,0,+001:03:47:13,+001:03:47:13,BAD ACSCL SOLUTION      
494,SM,ALL,0,0,-1,0,0,True,True,True,True,ALL,0,+001:03:47:13,+001:03:47:13,BAD ACSCL SOLUTION      
495,SM,ALL,0,0,-1,0,0,True,True,True,True,ALL,0,+001:03:47:14,+001:03:47:14,BAD ACSCL SOLUTION      
496,SM,ALL,0,0,-1,0,0,True,True,True,True,ALL,0,+001:03:47:14,+001:03:47:14,BAD ACSCL SOLUTION      
497,SM,ALL,0,0,-1,0,0,True,True,True,True,ALL,0,+001:03:47:14,+001:03:47:16,BAD ACSCL SOLUTION      
498,SM,ALL,0,0,-1,0,0,True,True,True,True,ALL,0,+001:04:00:08,+001:04:00:08,BAD ACSCL SOLUTION      
499,SM,ALL,0,0,-1,0,0,True,True,True,True,ALL,0,+001:04:00:08,+001:04:00:10,BAD ACSCL SOLUTION      
500,SM,ALL,0,0,-1,0,0,True,True,True,True,ALL,0,+001:04:00:58,+001:04:00:58,BAD ACSCL SOLUTION      
501,AZ,ALL,0,0,-1,0,0,True,True,True,True,ALL,0,+001:04:28:01,+001:04:28:01,BAD ACSCL SOLUTION      
502,SM,ALL,0,0,-1,0,0,True,True,True,True,ALL,0,+001:06:12:58,+001:06:13:00,BAD ACSCL SOLUTION      
503,SM,ALL,0,0,-1,0,0,True,True,True,True,ALL,0,+001:06:13:00,+001:06:13:00,BAD ACSCL SOLUTION      
504,AA,ALL,0,0,-1,0,0,True,True,True,True,ALL,0,+001:06:14:08,+001:06:14:10,BAD ACSCL SOLUTION      
505,AA,ALL,0,0,-1,0,0,True,True,True,True,ALL,0,+001:06:14:08,+001:06:14:10,BAD ACSCL SOLUTION      
506,AA,ALL,0,0,-1,0,0,True,True,True,True,ALL,0,+001:06:14:10,+001:06:14:10,BAD ACSCL SOLUTION      
507,AA,ALL,0,0,-1,0,0,True,True,True,True,ALL,0,+001:06:14:10,+001:06:14:10,BAD ACSCL SOLUTION      
508,AA,ALL,0,0,-1,0,0,True,True,True,True,ALL,0,+001:06:14:10,+001:06:14:12,BAD ACSCL SOLUTION      
509,AA,ALL,0,0,-1,0,0,True,True,True,True,ALL,0,+001:06:14:10,+001:06:14:12,BAD ACSCL SOLUTION      
510,AA,ALL,0,0,-1,0,0,True,True,True,True,ALL,0,+001:06:14:12,+001:06:14:12,BAD ACSCL SOLUTION      
511,AA,ALL,0,0,-1,0,0,True,True,True,True,ALL,0,+001:06:14:12,+001:06:14:12,BAD ACSCL SOLUTION      
512,AA,ALL,0,0,-1,0,0,True,True,True,True,ALL,0,+001:06:14:13,+001:06:14:13,BAD ACSCL SOLUTION      
513,AA,ALL,0,0,-1,0,0,True,True,True,True,ALL,0,+001:06:14:13,+001:06:14:13,BAD ACSCL SOLUTION      
514,AA,ALL,0,0,-1,0,0,True,True,True,True,ALL,0,+001:06:14:13,+001:06:14:15,BAD ACSCL SOLUTION      
515,AA,ALL,0,0,-1,0,0,True,True,True,True,ALL,0,+001:06:14:13,+001:06:14:15,BAD ACSCL SOLUTION      
516,AA,ALL,0,0,-1,0,0,True,True,True,True,ALL,0,+001:06:14:15,+001:06:14:15,BAD ACSCL SOLUTION      
517,AA,ALL,0,0,-1,0,0,True,True,True,True,ALL,0,+001:06:14:15,+001:06:14:15,BAD ACSCL SOLUTION      
518,AA,ALL,0,0,-1,0,0,True,True,True,True,ALL,0,+001:06:14:15,+001:06:14:15,BAD ACSCL SOLUTION      
519,AA,ALL,0,0,-1,0,0,True,True,True,True,ALL,0,+001:06:14:15,+001:06:14:17,BAD ACSCL SOLUTION      
520,AA,ALL,0,0,-1,0,0,True,True,True,True,ALL,0,+001:06:14:15,+001:06:14:17,BAD ACSCL SOLUTION      
521,AA,ALL,0,0,-1,0,0,True,True,True,True,ALL,0,+001:06:14:15,+001:06:14:17,BAD ACSCL SOLUTION      
522,AA,ALL,0,0,-1,0,0,True,True,True,True,ALL,0,+001:06:14:17,+001:06:14:17,BAD ACSCL SOLUTION      
523,AA,ALL,0,0,-1,0,0,True,True,True,True,ALL,0,+001:06:14:17,+001:06:14:17,BAD ACSCL SOLUTION      
524,AA,ALL,0,0,-1,0,0,True,True,True,True,ALL,0,+001:06:14:17,+001:06:14:17,BAD ACSCL SOLUTION      
525,AA,ALL,0,0,-1,0,0,True,True,True,True,ALL,0,+001:06:14:17,+001:06:14:19,BAD ACSCL SOLUTION      
526,AA,ALL,0,0,-1,0,0,True,True,True,True,ALL,0,+001:06:14:17,+001:06:14:19,BAD ACSCL SOLUTION      
527,AA,ALL,0,0,-1,0,0,True,True,True,True,ALL,0,+001:06:14:17,+001:06:14:19,BAD ACSCL SOLUTION      
528,AA,ALL,0,0,-1,0,0,True,True,True,True,ALL,0,+001:06:14:19,+001:06:14:19,BAD ACSCL SOLUTION      
529,AA,ALL,0,0,-1,0,0,True,True,True,True,ALL,0,+001:06:14:19,+001:06:14:19,BAD ACSCL SOLUTION      
530,AA,ALL,0,0,-1,0,0,True,True,True,True,ALL,0,+001:06:14:19,+001:06:14:19,BAD ACSCL SOLUTION      
531,AA,ALL,0,0,-1,0,0,True,True,True,True,ALL,0,+001:06:14:19,+001:06:14:21,BAD ACSCL SOLUTION      
532,AA,ALL,0,0,-1,0,0,True,True,True,True,ALL,0,+001:06:14:19,+001:06:14:21,BAD ACSCL SOLUTION      
533,AA,ALL,0,0,-1,0,0,True,True,True,True,ALL,0,+001:06:14:19,+001:06:14:21,BAD ACSCL SOLUTION      
534,AA,ALL,0,0,-1,0,0,True,True,True,True,ALL,0,+001:06:14:21,+001:06:14:21,BAD ACSCL SOLUTION      
535,AA,ALL,0,0,-1,0,0,True,True,True,True,ALL,0,+001:06:14:21,+001:06:14:23,BAD ACSCL SOLUTION      
536,AA,ALL,0,0,-1,0,0,True,True,True,True,ALL,0,+001:06:14:23,+001:06:14:23,BAD ACSCL SOLUTION      
537,AA,ALL,0,0,-1,0,0,True,True,True,True,ALL,0,+001:06:14:24,+001:06:14:24,BAD ACSCL SOLUTION      
538,AA,ALL,0,0,-1,0,0,True,True,True,True,ALL,0,+001:06:14:24,+001:06:14:26,BAD ACSCL SOLUTION      
539,AA,ALL,0,0,-1,0,0,True,True,True,True,ALL,0,+001:06:14:26,+001:06:14:26,BAD ACSCL SOLUTION      
540,AA,ALL,0,0,-1,0,0,True,True,True,True,ALL,0,+001:06:14:26,+001:06:14:28,BAD ACSCL SOLUTION      
541,AA,ALL,0,0,-1,0,0,True,True,True,True,ALL,0,+001:06:14:28,+001:06:14:28,BAD ACSCL SOLUTION      
542,AA,ALL,0,0,-1,0,0,True,True,True,True,ALL,0,+001:06:14:28,+001:06:14:30,BAD ACSCL SOLUTION      
543,AA,ALL,0,0,-1,0,0,True,True,True,True,ALL,0,+001:06:14:30,+001:06:14:30,BAD ACSCL SOLUTION      
544,AA,ALL,0,0,-1,0,0,True,True,True,True,ALL,0,+001:06:14:30,+001:06:14:30,BAD ACSCL SOLUTION      
545,AA,ALL,0,0,-1,0,0,True,True,True,True,ALL,0,+001:06:14:30,+001:06:14:30,BAD ACSCL SOLUTION      
546,AA,ALL,0,0,-1,0,0,True,True,True,True,ALL,0,+001:06:14:30,+001:06:14:32,BAD ACSCL SOLUTION      
547,AA,ALL,0,0,-1,0,0,True,True,True,True,ALL,0,+001:06:14:30,+001:06:14:32,BAD ACSCL SOLUTION      
548,AA,ALL,0,0,-1,0,0,True,True,True,True,ALL,0,+001:06:14:32,+001:06:14:32,BAD ACSCL SOLUTION      
549,AA,ALL,0,0,-1,0,0,True,True,True,True,ALL,0,+001:06:14:32,+001:06:14:32,BAD ACSCL SOLUTION      
550,AA,ALL,0,0,-1,0,0,True,True,True,True,ALL,0,+001:06:14:32,+001:06:14:34,BAD ACSCL SOLUTION      
551,AA,ALL,0,0,-1,0,0,True,True,True,True,ALL,0,+001:06:14:32,+001:06:14:34,BAD ACSCL SOLUTION      
552,AA,ALL,0,0,-1,0,0,True,True,True,True,ALL,0,+001:06:14:34,+001:06:14:34,BAD ACSCL SOLUTION      
553,AA,ALL,0,0,-1,0,0,True,True,True,True,ALL,0,+001:06:14:34,+001:06:14:34,BAD ACSCL SOLUTION      
554,AA,ALL,0,0,-1,0,0,True,True,True,True,ALL,0,+001:06:14:35,+001:06:14:35,BAD ACSCL SOLUTION      
555,AA,ALL,0,0,-1,0,0,True,True,True,True,ALL,0,+001:06:14:35,+001:06:14:35,BAD ACSCL SOLUTION      
556,AA,ALL,0,0,-1,0,0,True,True,True,True,ALL,0,+001:06:14:35,+001:06:14:35,BAD ACSCL SOLUTION      
557,AA,ALL,0,0,-1,0,0,True,True,True,True,ALL,0,+001:06:14:35,+001:06:14:36,BAD ACSCL SOLUTION      
558,AA,ALL,0,0,-1,0,0,True,True,True,True,ALL,0,+001:06:14:35,+001:06:14:36,BAD ACSCL SOLUTION      
559,AA,ALL,0,0,-1,0,0,True,True,True,True,ALL,0,+001:06:14:35,+001:06:14:36,BAD ACSCL SOLUTION      
560,AA,ALL,0,0,-1,0,0,True,True,True,True,ALL,0,+001:06:14:37,+001:06:14:37,BAD ACSCL SOLUTION      
561,AA,ALL,0,0,-1,0,0,True,True,True,True,ALL,0,+001:06:14:37,+001:06:14:37,BAD ACSCL SOLUTION      
562,AA,ALL,0,0,-1,0,0,True,True,True,True,ALL,0,+001:06:14:37,+001:06:14:39,BAD ACSCL SOLUTION      
563,AA,ALL,0,0,-1,0,0,True,True,True,True,ALL,0,+001:06:14:39,+001:06:14:39,BAD ACSCL SOLUTION      
564,AA,ALL,0,0,-1,0,0,True,True,True,True,ALL,0,+001:06:14:39,+001:06:14:41,BAD ACSCL SOLUTION      
565,AA,ALL,0,0,-1,0,0,True,True,True,True,ALL,0,+001:06:14:41,+001:06:14:41,BAD ACSCL SOLUTION      
566,AA,ALL,0,0,-1,0,0,True,True,True,True,ALL,0,+001:06:14:41,+001:06:14:43,BAD ACSCL SOLUTION      
567,AA,ALL,0,0,-1,0,0,True,True,True,True,ALL,0,+001:06:14:43,+001:06:14:43,BAD ACSCL SOLUTION      
568,AA,ALL,0,0,-1,0,0,True,True,True,True,ALL,0,+001:06:14:43,+001:06:14:45,BAD ACSCL SOLUTION      
569,AA,ALL,0,0,-1,0,0,True,True,True,True,ALL,0,+001:06:14:45,+001:06:14:45,BAD ACSCL SOLUTION      
570,AA,ALL,0,0,-1,0,0,True,True,True,True,ALL,0,+001:06:14:46,+001:06:14:46,BAD ACSCL SOLUTION      
571,AA,ALL,0,0,-1,0,0,True,True,True,True,ALL,0,+001:06:14:46,+001:06:14:47,BAD ACSCL SOLUTION      
572,AA,ALL,0,0,-1,0,0,True,True,True,True,ALL,0,+001:06:14:48,+001:06:14:48,BAD ACSCL SOLUTION      
573,AA,ALL,0,0,-1,0,0,True,True,True,True,ALL,0,+001:06:14:48,+001:06:14:50,BAD ACSCL SOLUTION      
574,AA,ALL,0,0,-1,0,0,True,True,True,True,ALL,0,+001:06:14:50,+001:06:14:50,BAD ACSCL SOLUTION      
575,AA,ALL,0,0,-1,0,0,True,True,True,True,ALL,0,+001:06:14:50,+001:06:14:52,BAD ACSCL SOLUTION      
576,AA,ALL,0,0,-1,0,0,True,True,True,True,ALL,0,+001:06:14:52,+001:06:14:52,BAD ACSCL SOLUTION      
577,AA,ALL,0,0,-1,0,0,True,True,True,True,ALL,0,+001:06:14:52,+001:06:14:54,BAD ACSCL SOLUTION      
578,AA,ALL,0,0,-1,0,0,True,True,True,True,ALL,0,+001:06:14:54,+001:06:14:54,BAD ACSCL SOLUTION      
579,AA,ALL,0,0,-1,0,0,True,True,True,True,ALL,0,+001:06:14:54,+001:06:14:56,BAD ACSCL SOLUTION      
580,AA,ALL,0,0,-1,0,0,True,True,True,True,ALL,0,+001:06:14:56,+001:06:14:56,BAD ACSCL SOLUTION      
581,AA,ALL,0,0,-1,0,0,True,True,True,True,ALL,0,+001:06:14:57,+001:06:14:57,BAD ACSCL SOLUTION      
582,AA,ALL,0,0,-1,0,0,True,True,True,True,ALL,0,+001:06:14:57,+001:06:14:58,BAD ACSCL SOLUTION      
583,AA,ALL,0,0,-1,0,0,True,True,True,True,ALL,0,+001:06:14:59,+001:06:14:59,BAD ACSCL SOLUTION      
584,AA,ALL,0,0,-1,0,0,True,True,True,True,ALL,0,+001:06:14:59,+001:06:15:01,BAD ACSCL SOLUTION      
585,AA,ALL,0,0,-1,0,0,True,True,True,True,ALL,0,+001:06:15:01,+001:06:15:01,BAD ACSCL SOLUTION      
586,AA,ALL,0,0,-1,0,0,True,True,True,True,ALL,0,+001:06:15:01,+001:06:15:03,BAD ACSCL SOLUTION      
587,AA,ALL,0,0,-1,0,0,True,True,True,True,ALL,0,+001:06:15:03,+001:06:15:03,BAD ACSCL SOLUTION      
588,AA,ALL,0,0,-1,0,0,True,True,True,True,ALL,0,+001:06:15:03,+001:06:15:05,BAD ACSCL SOLUTION      
589,AA,ALL,0,0,-1,0,0,True,True,True,True,ALL,0,+001:06:15:05,+001:06:15:05,BAD ACSCL SOLUTION      
590,AA,ALL,0,0,-1,0,0,True,True,True,True,ALL,0,+001:06:15:05,+001:06:15:07,BAD ACSCL SOLUTION      
591,AA,ALL,0,0,-1,0,0,True,True,True,True,ALL,0,+001:06:15:07,+001:06:15:07,BAD ACSCL SOLUTION      
592,AA,ALL,0,0,-1,0,0,True,True,True,True,ALL,0,+001:06:15:08,+001:06:15:08,BAD ACSCL SOLUTION      
593,AA,ALL,0,0,-1,0,0,True,True,True,True,ALL,0,+001:06:15:08,+001:06:15:09,BAD ACSCL SOLUTION      
594,AA,ALL,0,0,-1,0,0,True,True,True,True,ALL,0,+001:06:15:10,+001:06:15:10,BAD ACSCL SOLUTION      
595,AA,ALL,0,0,-1,0,0,True,True,True,True,ALL,0,+001:06:15:10,+001:06:15:12,BAD ACSCL SOLUTION      
596,AA,ALL,0,0,-1,0,0,True,True,True,True,ALL,0,+001:06:15:12,+001:06:15:12,BAD ACSCL SOLUTION      
597,AA,ALL,0,0,-1,0,0,True,True,True,True,ALL,0,+001:06:15:12,+001:06:15:14,BAD ACSCL SOLUTION      
598,AA,ALL,0,0,-1,0,0,True,True,True,True,ALL,0,+001:06:15:14,+001:06:15:14,BAD ACSCL SOLUTION      
599,AA,ALL,0,0,-1,0,0,True,True,True,True,ALL,0,+001:06:15:14,+001:06:15:16,BAD ACSCL SOLUTION      
600,AA,ALL,0,0,-1,0,0,True,True,True,True,ALL,0,+001:06:15:16,+001:06:15:16,BAD ACSCL SOLUTION      
601,AA,ALL,0,0,-1,0,0,True,True,True,True,ALL,0,+001:06:15:16,+001:06:15:18,BAD ACSCL SOLUTION      
602,AA,ALL,0,0,-1,0,0,True,True,True,True,ALL,0,+001:06:15:18,+001:06:15:18,BAD ACSCL SOLUTION      
603,AA,ALL,0,0,-1,0,0,True,True,True,True,ALL,0,+001:06:15:19,+001:06:15:19,BAD ACSCL SOLUTION      
604,AA,ALL,0,0,-1,0,0,True,True,True,True,ALL,0,+001:06:15:19,+001:06:15:20,BAD ACSCL SOLUTION      
605,AA,ALL,0,0,-1,0,0,True,True,True,True,ALL,0,+001:06:15:19,+001:06:15:20,BAD ACSCL SOLUTION      
606,AA,ALL,0,0,-1,0,0,True,True,True,True,ALL,0,+001:06:15:21,+001:06:15:21,BAD ACSCL SOLUTION      
607,AA,ALL,0,0,-1,0,0,True,True,True,True,ALL,0,+001:06:15:21,+001:06:15:23,BAD ACSCL SOLUTION      
608,AA,ALL,0,0,-1,0,0,True,True,True,True,ALL,0,+001:06:15:21,+001:06:15:23,BAD ACSCL SOLUTION      
609,AA,ALL,0,0,-1,0,0,True,True,True,True,ALL,0,+001:06:15:23,+001:06:15:23,BAD ACSCL SOLUTION      
610,SM,ALL,0,0,-1,0,0,True,True,True,True,ALL,0,+001:08:29:30,+001:08:29:30,BAD ACSCL SOLUTION      
611,SM,ALL,0,0,-1,0,0,True,True,True,True,ALL,0,+001:08:30:49,+001:08:30:51,BAD ACSCL SOLUTION      
612,SM,ALL,0,0,-1,0,0,True,True,True,True,ALL,0,+001:08:30:51,+001:08:30:51,BAD ACSCL SOLUTION      
613,SM,ALL,0,0,-1,0,0,True,True,True,True,ALL,0,+001:08:35:44,+001:08:35:44,BAD ACSCL SOLUTION      
614,SR,ALL,0,0,-1,0,0,True,True,True,True,ALL,0,+001:08:35:44,+001:08:35:44,BAD ACSCL SOLUTION      
615,SM,ALL,0,0,-1,0,0,True,True,True,True,ALL,0,+001:08:35:44,+001:08:35:46,BAD ACSCL SOLUTION      
616,SR,ALL,0,0,-1,0,0,True,True,True,True,ALL,0,+001:08:35:44,+001:08:35:46,BAD ACSCL SOLUTION      
617,SR,ALL,0,0,-1,0,0,True,True,True,True,ALL,0,+001:08:35:46,+001:08:35:46,BAD ACSCL SOLUTION      
618,SM,ALL,0,0,-1,0,0,True,True,True,True,ALL,0,+001:08:35:46,+001:08:35:46,BAD ACSCL SOLUTION      
619,SM,ALL,0,0,-1,0,0,True,True,True,True,ALL,0,+001:08:35:46,+001:08:35:48,BAD ACSCL SOLUTION      
620,SM,ALL,0,0,-1,0,0,True,True,True,True,ALL,0,+001:08:35:46,+001:08:35:48,BAD ACSCL SOLUTION      
621,SR,ALL,0,0,-1,0,0,True,True,True,True,ALL,0,+001:08:35:46,+001:08:35:48,BAD ACSCL SOLUTION      
622,SR,ALL,0,0,-1,0,0,True,True,True,True,ALL,0,+001:08:35:48,+001:08:35:48,BAD ACSCL SOLUTION      
623,SM,ALL,0,0,-1,0,0,True,True,True,True,ALL,0,+001:08:35:48,+001:08:35:48,BAD ACSCL SOLUTION      
624,SM,ALL,0,0,-1,0,0,True,True,True,True,ALL,0,+001:08:35:48,+001:08:35:50,BAD ACSCL SOLUTION      
625,SR,ALL,0,0,-1,0,0,True,True,True,True,ALL,0,+001:08:35:48,+001:08:35:50,BAD ACSCL SOLUTION      
626,SM,ALL,0,0,-1,0,0,True,True,True,True,ALL,0,+001:08:35:50,+001:08:35:50,BAD ACSCL SOLUTION      
627,SR,ALL,0,0,-1,0,0,True,True,True,True,ALL,0,+001:08:35:50,+001:08:35:50,BAD ACSCL SOLUTION      
628,SR,ALL,0,0,-1,0,0,True,True,True,True,ALL,0,+001:08:35:51,+001:08:35:51,BAD ACSCL SOLUTION      
629,SM,ALL,0,0,-1,0,0,True,True,True,True,ALL,0,+001:08:35:51,+001:08:35:51,BAD ACSCL SOLUTION      
630,SM,ALL,0,0,-1,0,0,True,True,True,True,ALL,0,+001:08:35:51,+001:08:35:52,BAD ACSCL SOLUTION      
631,SR,ALL,0,0,-1,0,0,True,True,True,True,ALL,0,+001:08:35:51,+001:08:35:52,BAD ACSCL SOLUTION      
632,SR,ALL,0,0,-1,0,0,True,True,True,True,ALL,0,+001:08:35:53,+001:08:35:53,BAD ACSCL SOLUTION      
633,SM,ALL,0,0,-1,0,0,True,True,True,True,ALL,0,+001:08:35:53,+001:08:35:53,BAD ACSCL SOLUTION      
634,SM,ALL,0,0,-1,0,0,True,True,True,True,ALL,0,+001:08:35:53,+001:08:35:55,BAD ACSCL SOLUTION      
635,SR,ALL,0,0,-1,0,0,True,True,True,True,ALL,0,+001:08:35:53,+001:08:35:55,BAD ACSCL SOLUTION      
636,SM,ALL,0,0,-1,0,0,True,True,True,True,ALL,0,+001:08:35:55,+001:08:35:55,BAD ACSCL SOLUTION      
637,SR,ALL,0,0,-1,0,0,True,True,True,True,ALL,0,+001:08:35:55,+001:08:35:55,BAD ACSCL SOLUTION      
638,SM,ALL,0,0,-1,0,0,True,True,True,True,ALL,0,+001:08:35:55,+001:08:35:57,BAD ACSCL SOLUTION      
639,SR,ALL,0,0,-1,0,0,True,True,True,True,ALL,0,+001:08:35:55,+001:08:35:57,BAD ACSCL SOLUTION      
640,SM,ALL,0,0,-1,0,0,True,True,True,True,ALL,0,+001:08:35:55,+001:08:35:57,BAD ACSCL SOLUTION      
641,SM,ALL,0,0,-1,0,0,True,True,True,True,ALL,0,+001:08:35:57,+001:08:35:57,BAD ACSCL SOLUTION      
642,SR,ALL,0,0,-1,0,0,True,True,True,True,ALL,0,+001:08:35:57,+001:08:35:57,BAD ACSCL SOLUTION      
643,SR,ALL,0,0,-1,0,0,True,True,True,True,ALL,0,+001:08:35:57,+001:08:35:59,BAD ACSCL SOLUTION      
644,SM,ALL,0,0,-1,0,0,True,True,True,True,ALL,0,+001:08:35:57,+001:08:35:59,BAD ACSCL SOLUTION      
645,SM,ALL,0,0,-1,0,0,True,True,True,True,ALL,0,+001:08:35:59,+001:08:35:59,BAD ACSCL SOLUTION      
646,SR,ALL,0,0,-1,0,0,True,True,True,True,ALL,0,+001:08:35:59,+001:08:35:59,BAD ACSCL SOLUTION      
647,SR,ALL,0,0,-1,0,0,True,True,True,True,ALL,0,+001:08:35:59,+001:08:36:01,BAD ACSCL SOLUTION      
648,SM,ALL,0,0,-1,0,0,True,True,True,True,ALL,0,+001:08:35:59,+001:08:36:01,BAD ACSCL SOLUTION      
649,SM,ALL,0,0,-1,0,0,True,True,True,True,ALL,0,+001:09:10:35,+001:09:10:37,BAD ACSCL SOLUTION      
650,SM,ALL,0,0,-1,0,0,True,True,True,True,ALL,0,+001:09:10:42,+001:09:10:42,BAD ACSCL SOLUTION      
651,SM,ALL,0,0,-1,0,0,True,True,True,True,ALL,0,+001:11:30:25,+001:11:30:27,BAD ACSCL SOLUTION      
652,AZ,ALL,0,0,-1,0,0,True,True,True,True,ALL,0,+001:11:48:01,+001:11:48:01,BAD ACSCL SOLUTION      
653,SM,ALL,0,0,-1,0,0,True,True,True,True,ALL,0,+001:12:25:49,+001:12:25:49,BAD ACSCL SOLUTION      
654,SM,ALL,0,0,-1,0,0,True,True,True,True,ALL,0,+001:12:59:44,+001:12:59:45,BAD ACSCL SOLUTION      
655,SM,ALL,0,0,-1,0,0,True,True,True,True,ALL,0,+001:12:59:45,+001:12:59:45,BAD ACSCL SOLUTION      
656,SM,ALL,0,0,-1,0,0,True,True,True,True,ALL,0,+001:13:24:32,+001:13:24:34,BAD ACSCL SOLUTION      
657,AZ,ALL,0,0,-1,0,0,True,True,True,True,ALL,0,+001:15:58:00,+001:15:58:02,BAD ACSCL SOLUTION      
658,AZ,ALL,0,0,-1,0,0,True,True,True,True,ALL,0,+001:16:19:00,+001:16:19:02,BAD ACSCL SOLUTION      
659,AZ,ALL,0,0,-1,0,0,True,True,True,True,ALL,0,+001:16:19:02,+001:16:19:02,BAD ACSCL SOLUTION      
